title,date,content,journalist,media,url,thumbnail_link
['“중국 선박-필리핀 보급선 충돌”…중국 해경법 시행 후 처음'],['2024.06.18. 오전 12:10'],"
			                                                          
	
		
	
올해 4월 30일 남중국해 분쟁 해역인 스카버러 암초(중국명 황옌다오·黃岩島) 인근에서 중국 해경선들이 필리핀 해경선(가운데)에 물대포 공격을 가하는 모습. [필리핀 해안경비대 X 캡처]                                                    17일 남중국해 영유권 분쟁 해역인 세컨드 토머스 사주(중국명 런아이자오·仁愛礁, 필리핀명 아융인) 인근 해역에서 중국과 필리핀 간의 충돌이 빚어졌다. 중국이 지난 15일부터 이 해역에 진입하는 외국인과 외국 선박을 구류하는 자체 규정을 시행한다고 밝힌 뒤 처음 발생한 충돌이다.           린젠(林劍) 중국 외교부 대변인은 이날 정례 브리핑에서 “17일 필리핀 보급선 한 척과 쾌속정 두 척이 중국 정부의 허가 없이 난사군도 런아이자오 인근 해역에 들어와 불법 정박 중인 군함에 건축자재 등이 포함된 물자를 운송하려 시도했다”며 “중국 해경은 법에 따라 필리핀 측 선박에 필요한 통제 조처를 했다”고 말했다.           앞서 중국 해경국은 이날 공지를 통해 “오전 5시 59분 필리핀 보급선이 중국의 여러 차례 엄중한 경고를 무시하고 ‘국제해상 충돌방지 규칙’을 위반해 전문적이지 못한 방식으로, 정상 운항하는 중국 선박에 고의로 접근해 충돌 사고를 일으켰다”며 사고 책임을 필리핀 측에 돌렸다.           반면 필리핀군은 이날 성명을 통해 “중국 해경의 기만적이고 오해를 불러일으키는 주장을 존중하지 않겠다”고 밝혔다고 블룸버그통신이 보도했다. 필리핀군은 아울러 자국의 배타적경제수역(EEZ) 내 중국이 불법 주둔하고 있다고 비판했다.                                                                   
	
		
	
중국 선박-필리핀 보급선 충돌 해역                                                    이날 충돌은 중국 당국의 허가를 받지 않은 채 해당 해역에 진입한 외국인을 최장 60일 동안 구금할 수 있도록 한 중국 해경의 새로운 규정이 발효된 이후 처음 발생했다. 린 대변인은 새로운 규정에 대해 “법 집행 절차를 규범화하여, 해상 질서를 더 잘 수호할 수 있으며, 국제 통행 방법에 부합한다”고 설명했다. 반면 중국의 조치를 무시하기로 한 필리핀은 자국 어민들에 남중국해의 필리핀 EEZ에서 계속 조업하라는 입장을 발표했었다.           해당 해역에서 중국과 영유권을 다투는 필리핀은 1999년 세컨드 토머스 사주에 제2차 세계대전 때 썼던 상륙함 BRP 시에라 마드레를 좌초시킨 뒤 배를 지킨다는 명분으로 10명 안팎의 해병대원을 상주시키고 있다. 필리핀은 주둔 병력을 위해 주기적으로 식량·물·생필품·건축자재 등을 보급하고 있다. 이에 맞서 중국 해경은 필리핀 보급선에 물대포를 쏘는 등 저지 작전을 벌이고 있다.           중국 해경의 외국인 구금 조치 시행에 맞서 필리핀은 지난 15일 유엔 대륙붕한계위원회(CLCS)에 자국의 팔라완섬 서부 350해리(648㎞)를 ‘대륙붕 외부 경계’로 삼는 안을 제출했다. 이는 유엔해양법공약(UNCLOS)이 허용한 최대 범위로, 중국과의 영유권 분쟁 해역을 자국 해역에 포함했다.   
		",['신경진 기자'],['중앙일보'],https://n.news.naver.com/mnews/article/025/0003367391,https://mimgnews.pstatic.net/image/upload/office_logo/025/2021/08/24/logo_025_6_20210824123340.png
"['""뉴스 \'사실\'이라 믿는 한국인은 10명 중 3명에 불과""']",['2024.06.18. 오전 12:15'],"
			디지털 뉴스 보고서, 韓 언론 신뢰도 31%로 집계47개 국가 신뢰도 평균보다↓…이선균 사건 등 언급
	
		
	
[서울=뉴시스] ﻿﻿17일(현지시각) 영국 옥스퍼드대학교 부설 로이터저널리즘연구소가 발간한 '디지털 뉴스 보고서 2024'에 따르면 대한민국 국민들의 언론 신뢰도는 31%로 나타났다. (사진=디지털 뉴스 보고서 2024 캡쳐) 2024.06.17. photo@newsis.com *재판매 및 DB 금지[서울=뉴시스] 박광온 기자 = 대한민국 언론이 보도하는 내용을 '사실'이라고 믿는 한국인은 10명 중 3명에 불과하다는 조사 결과가 나왔다.17일(현지시각) 영국 옥스퍼드대학교 부설 로이터저널리즘연구소가 발간한 '디지털 뉴스 보고서 2024'에 따르면 대한민국 국민들의 언론 신뢰도는 31%로 나타났다.지난 2016년(22%)과 비교하면 약 1.4배 증가했으나 조사대상 47개 국가 및 지역의 신뢰도 평균(40%)보다는 9%p 낮은 수치다. 언론 신뢰도가 가장 높은 국가인 핀란드(69%)와 비교와 비교하면 38%p나 차이 난다.매체별 신뢰도 집계 결과를 보면 사람들은 MBC(57%), YTN(56%), JTBC(55%), SBS(54%), KBS(51%) 등 방송매체를 상대적으로 더 신뢰하는 경향이 있었다.반면 한겨례(39%), 동아일보(38%), 중앙일보(37%), 조선일보(34%) 등 신문에 대해서는 상대적으로 낮은 신뢰도를 보였다.또 보고서는 뉴스 플랫폼의 경우 전통적 플랫폼인 TV와 신문 등 기성 매체 이용률은 꾸준히 감소한 반면 유튜브·인스타그램 등 소셜미디어 이용률은 크게 증가한 추세를 보인다고 강조했다.실제 뉴스 플랫폼으로서 소셜미디어 이용률은 2016년 32%에서 올해 44%로 약 1.3배 늘었다. 같은 기간 TV는 71%에서 62%로, 인쇄물은 28%에서 16%로 줄었다.보고서는 뉴스 이용률이 감소하는 등 언론에 대한 대중의 무관심이 커지는 상황에, 상대적으로 검증되지 않은 정보를 전달하기 쉬운 소셜미디어 이용률이 크게 늘어난 점이 언론 신뢰도를 낮춘 데 영향을 줬다고 분석했다.특히 ""미디어의 초점이 온라인 플랫폼으로 전환된 이후 많은 사람들은 질이 낮고 선정적인 뉴스가 급속하게 유통됐다고 말한다""고 지적했다.마약 투약 혐의로 수사받다가 숨진 배우 이선균씨 사건도 언급됐다. ""지난해 12월 스스로 목숨을 끊은 영화배우에 대한 선정적인 보도로 한국 언론은 비난을 받았다""라는 것이다.구체적으로 ""마약 투약 혐의로 조사를 받고 있던 배우는 사생활의 세부 사항까지 수개월 동안 언론의 집중적인 주목을 받았다""며 ""마약 수사와 직접적으로 관련되지 않은 대화가 무분별하게 공개됐고, 대중의 관심을 끌기 위한 미디어의 초점은 온라인 플랫폼으로 전환한 이후 더욱 강화됐다""고 짚었다.이어 ""매주 뉴스 샘플의 51%가 사용되는 유튜브와 같은 플랫폼에서 소셜 미디어 사용이 증가하면서 검증되지 않은 유명인의 사생활에 대한 의심과 주장이 더욱 확산됐다""고 전했다.한편 이번 조사는 로이터저널리즘연구소가 여론조사기관 유고브(YouGov)와 함께 지난 1~2월 세계 47개 국가 및 지역에서 온라인을 통해 성인 9만4943명을 대상으로 진행됐다. 
		",[],['뉴시스'],https://n.news.naver.com/mnews/article/003/0012611561,https://mimgnews.pstatic.net/image/upload/office_logo/003/2019/01/23/logo_003_6_20190123191323.jpg
"['트럼프가 맹공하는 바이든의 전기차 확대, 美 대선 쟁점 부상']",['2024.06.18. 오전 12:11'],"
			공화, '바이든은 내연기관차 금지' 주장하며 경합주 민주당에 공세
	
		
	
트럼프 전 미국 대통령[AP 연합뉴스 자료사진. 재판매 및 DB 금지](워싱턴=연합뉴스) 김동현 특파원 = 미국 공화당이 조 바이든 대통령의 전기차 확대 정책을 거듭 비판하면서 전기차가 올해 대선에서 주요 쟁점으로 부상했다고 워싱턴포스트(WP)가 17일(현지시간) 보도했다.    보도에 따르면 전기차가 선거 이슈로 부각된 배경에는 도널드 트럼프 전 대통령의 전기차 '악마화'가 작용했다.     트럼프 전 대통령은 재선에 성공하면 바이든 대통령의 전기차 확대 정책을 되돌리겠다면서 ""그런 차들을 팔지 못하게 될 것""이라고 경고해왔다.    그는 지난주 공화당 상원의원들과의 비공개 회동에서도 재선에 성공하면 바이든의 ""처참한"" 전기차 정책을 ""없애겠다""고 말했다고 조시 홀리 상원의원(공화·미주리)이 WP에 전했다.    트럼프 전 대통령이 선거를 앞두고 이처럼 연일 '전기차 때리기'에 나서면서 전기차를 보수와 진보 진영 간 문화 전쟁의 '총알받이'로 만들었다고 WP는 진단했다.     이런 가운데 민주당 현역 의원들이 힘든 선거를 치를 것으로 예상되는 경합주에서는 화석연료 산업을 대변하는 이익단체와 공화당이 바이든 대통령의 전기차 확대 정책을 소재로 민주당을 공격하고 있다.     이 때문에 일부 민주당 상원의원들은 바이든 대통령의 전기차 정책과 최대한 거리를 두려고 한다고 WP는 소개했다. 
	
		
	
전기차 시승하는 바이든 미국 대통령[AP 연합뉴스 자료사진. 재판매 및 DB 금지]셰러드 브라운 상원의원(민주·오하이오)은 바이든 행정부가 지난 5월 발표한 인플레이션감축법(IRA) 전기차 세액공제 최종 규정에서 중국산 배터리 부품 사용을 일부 허용하자 이를 뒤집기 위한 결의안을 발의했다.    자동차 산업의 목소리가 큰 오하이오를 지역구로 둔 브라운 의원은 공화당 세가 강한 몬태나주의 존 테스터 상원의원(민주)과 함께 바이든 대통령의 배출가스 규제 강화를 뒤집는 법안에 찬성표를 던지기도 했다.     화석연료 업계는 브라운 의원과 테스터 의원을 겨냥한 광고를 방영할 예정인데 이 광고에서는 바이든 대통령이 곧 내연기관차 대부분을 금지할 것이라고 주장한다.    바이든 대통령은 내연기관차의 배출가스 기준을 강화하는 방식으로 전기차 판매를 촉진하고자 하는데 이 정책을 비판하는 공화당과 화석연료 업계는 이를 내연기관차 금지라고 부른다.    WP는 자동차 제조사들이 새 배출가스 기준을 준수하려면 전기차 판매를 크게 늘려야 하지만 그 과정이 점진적일 것이라며 '전기차 금지'라는 표현은 오해의 소지가 있다고 지적했다.     환경보호청(EPA)은 새 기준 효과로 전기차가 2030년까지 신규 승용차 판매의 30∼56%를 차지할 것으로 예상한다.     전기차가 정치 쟁점이 되면서 공화당과 민주당 유권자들도 전기차에 대해 확연히 다른 입장을 드러내고 있다.     갤럽이 지난 3월 공개한 여론조사에서 미래에 전기차 구매를 '진지하게 고려'하거나 '고려할 수 있다'고 답한 비율이 민주당은 61%에 달했으나 공화당은 24%에 그쳤다.     미래에 전기차를 구매하지 않겠다고 답한 비율은 공화당 69%, 민주당 27%였다.    bluekey@yna.co.kr
		",['김동현 기자'],['연합뉴스'],https://n.news.naver.com/mnews/article/001/0014752359,https://mimgnews.pstatic.net/image/upload/office_logo/001/2020/09/15/logo_001_6_20200915184213.png
"['버핏의 버크셔, 中 비야디 주식 추가 매각…지분율 6.9%로']",['2024.06.18. 오전 12:07'],"
			(뉴욕=연합뉴스) 이지헌 특파원 = '투자의 귀재' 워런 버핏이 이끄는 버크셔 해서웨이(이하 버크셔)가 중국 전기차 선두그룹인 비야디(BYD) 지분 일부를 추가로 매각했다고 미 CNBC 방송이 홍콩증시 공시를 인용해 17일(현지시간) 보도했다.    보도에 따르면 버크셔는 최근 4천980만 달러어치 비야디 지분 130만주를 매각했다.    이에 따라 버크셔의 비야디 지분율은 종전 7%에서 6.9%로 소폭 하락했다.    버크셔는 지난 2022년 8월 비야디 주식을 처음 판 이후 구체적인 사유를 밝히지 않은 채 비야디 지분을 잇달아 매각하고 있다.    버크셔는 지난 2008년 2억3천200만달러(약 2천880억원)를 투자해 비야디 주식 2억2천500만주를 매수한 바 있다. 평균 매입가는 주당 8홍콩달러에 불과했다.    17일 홍콩증시에서 비야디는 전 거래일 대비 1.74% 오른 233.4달러에 마감했다.
	
		
	
워런 버핏 버크셔해서웨이 CEO [AP 연합뉴스 자료사진. 재판매 및 DB 금지]    pan@yna.co.kr
		",['이지헌 기자'],['연합뉴스'],https://n.news.naver.com/mnews/article/001/0014752357,https://mimgnews.pstatic.net/image/upload/office_logo/001/2020/09/15/logo_001_6_20200915184213.png
['오바마 “나도 요즘 스포츠만 봐…정치 기피 젊은층 이해”'],['2024.06.18. 오전 12:03'],"
			오바마, 틱톡·인스타그램 크리에이터와 대담“모든 게 무자비한 전면전…냉소의 시대 직시해야”‘그럼에도 바이든’ 호소 “영향력 발휘해달라”
	
		
	
조 바이든 미국 대통령(왼쪽)과 버락 오바마 전 미국 대통령(오른쪽)이 15일(현지시간) 선거 기금 모금 행사에서 악수를 나누고 있다. 로이터연합뉴스버락 오바마 전 미국 대통령이 최근 정치의 극단적 양극화로 인한 피로감에 공감하며 정치를 기피하는 젊은 유권자들을 “이해한다”고 밝혔다.오바마 전 대통령은 15일(현지시간) 저녁 로스앤젤레스에서 열린 조 바이든 대선 캠프 후원 행사에 참석해 틱톡, 인스타그램 등지에서 활동하는 크리에이터들과 대담을 진행했다.그는 이 자리에서 미국의 젊은 콘텐츠 제작자들이 정치 이슈를 정면으로 다루길 꺼린다는 사실을 잘 알고 있다고 전했다.오바마는 “우리는 냉소의 시대를 살고 있다. 현실을 직시해야 한다”면서 행사장에 자리한 크리에이터들을 향해 “당신을 보는, 당신의 말을 듣는, 당신의 팬들은 실제로 정치 담론을 기피한다”고 짚었다.그의 말을 증명하듯 이날 행사에도 줄리아 로버츠, 조지 클루니 등 중년 할리우드 스타들은 여럿 참석했으나 2030세대에 어필할 수 있는 젊은 셀럽들은 모습을 드러내지 않았다. 지난 대선에서 바이든 대통령을 지지했던 정상급 여성 래퍼 카디 비도 최근 인터뷰에서 어느 후보에게도 투표하지 않겠다고 말했다.오바마도 “다 이해한다. 나도 요즘은 솔직히 (뉴스 대신) 스포츠만 본다. 모든 게 무자비한 전면전(slash and burn)으로 느껴지기 때문”이라며 점점 양극단으로 흐르는 미국 사회를 향한 뼈있는 농담을 던지기도 했다.또한 사회 이슈에 피로감을 느끼고 정치 담론에서 이탈하는 젊은 유권자들을 포용해야 한다고 거듭 강조했다. 그러면서도 “바이든은 적어도 상식적인 사람”이라고 설득하며 지지를 호소했다.
	
		
	
15일(현지시간) 선거 기금 모금 행사에 참석한 조 바이든 미국 대통령(왼쪽)과 버락 오바마 전 미국 대통령(오른쪽). AFP연합뉴스오바마는 “여러분은 바이든이 하는 일에 전부 동의하지는 않을 수 있다. 내 임기 당시에도 마찬가지였다”며 이라크 전쟁 당시 반전 여론에 부딪혔던 오바마 정부를 가자전쟁 대응 문제로 젊은 층의 지지를 잃고 있는 바이든의 현 상황과 빗대었다.이어 “그래도 괜찮다. 이렇게 크고 지저분하고 복잡한 나라에서는 의견 차이가 존재할 수밖에 없다. 하지만 바이든은 열에 아홉은 여러분의 신념에 부합하는 결정을 내릴 것”이라고 말했다.오바마는 젊은 크리에이터들에게 여러 플랫폼을 적극 활용해달라는 부탁도 남겼다. 그는 “(크리에이터로서의) 영향력을 발휘해달라. (콘텐츠가) 심각할 필요는 없고, 차트와 그래프를 사용할 필요도 없다”고 당부했다.오바마 전 대통령과 할리우드 스타 다수를 동원한 이번 행사를 통해 바이든 대선 캠프는 기록적인 규모의 정치자금을 모았다. 캠프 측은 이번 행사로 최소 2800만 달러(약 389억원)의 후원금을 모금했으며, 이는 민주당 대선 캠페인 역사상 최대 규모라고 밝혔다.오바마 전 대통령은 재임 당시 위트 있는 농담과 솔직함으로 대중의 마음을 사로잡으며 2017년 퇴임 직전에도 60% 지지율을 유지했다. 월스트리트저널은 바이든 대통령이 지지율을 끌어모으지 못하는 원인으로 “버락 오바마 전 대통령과 같은 매력의 부재”를 지목하기도 했다. 바이든은 최근 여론조사에서 자신이 승리한 지난 2020년 대선 때만큼은 젊은 지지층을 확보하지 못하고 있다.
		",[],['국민일보'],https://n.news.naver.com/mnews/article/005/0001704151,https://mimgnews.pstatic.net/image/upload/office_logo/005/2020/09/15/logo_005_6_20200915155137.png
"['[푸틴 방북] 美 언론 ""북러 관계 심화 신호…北 전략적 중요성도 부각""']",['2024.06.18. 오전 12:05'],"
			냉전 때 군사동맹 복원 관측 전하며 북러간 군사협력 강화 우려 보도
	
		
	
작년 9월 푸틴 러시아 대통령과 회담하는 김정은 북한 국무위원장   [연합뉴스 자료사진. 조선중앙TV 화면 캡처. 국내에서만 사용가능. 재배포 금지. For Use Only in the Republic of Korea. No Redistribution](워싱턴=연합뉴스) 강병철 특파원 = 미국 언론들은 블라디미르 푸틴 러시아 대통령의 18~19일 방북에 대해 북러 관계가 한 단계 더 심화하는 신호라고 17일(현지시간) 평가했다.    미 언론들은 또 우크라이나 전쟁과 맞물려 러시아에 북한의 전략적 중요성이 커졌다는 것이 확인됐다면서 북한의 대(對)러시아 무기 지원에 상응하는 러시아의 대(對)북한 첨단 기술 제공 가능성 등을 제기했다.    뉴욕타임스(NYT)는 이날 푸틴 대통령의 방북에 대해 ""이번 방문은 푸틴에 대한 증대하는 북한의 전략적 중요성, 특히 우크라이나 전쟁에 필요한 재래식 무기를 공급할 수 있는 북한의 능력을 부각한다""고 밝혔다.    이어 ""냉전 시대 동맹이었던 북러는 소련 해체 이후 관계가 차가워졌으나 수년간 러시아의 우크라이나 전쟁, 북한의 핵무기 프로그램을 이유로 한 대(對)미국 적대감을 공유하면서 다시 가까워졌다""고 평가했다.     그러면서 이 신문은 북한이 푸틴 대통령의 방북 기간에 핵무기 능력 향상을 위해 러시아의 지원을 받고 러시아와 냉전 때의 군사 동맹을 복원하는 시도를 할 것이란 한국 전문가들의 관측을 전했다.    NYT는 ""북러 협력 강화는 미국과 동맹국에 대한 안보적 함의가 있다""면서 북한의 미사일이 우크라이나에 사용되면서 북한이 서방 미사일 방어 시스템에 대한 데이터를 확보할 수 있으며 북한의 해외 돈벌이 차단을 위한 제재에 구멍이 생긴다는 점 등을 거론했다.     워싱턴포스트(WP)는 ""푸틴과 김정은 두 사람은, 우크라이나 전쟁을 이유로 푸틴을, 핵·탄도 미사일을 이유로 김정은을 각각 고립시키려는 미국의 노력을 거부하면서 상대국에 대한 공개적인 지지를 다시 한번 다짐할 것으로 보인다""고 전망했다.    CNN은 ""푸틴의 20년 만의 첫 방북은 국제 사회에서 광범위한 우려를 불러일으키고 있는 북러간 관계 심화의 신호""라면서 ""서방에 대한 적대감에 기반하고 우크라이나 전쟁에 대한 푸틴의 지원 필요성에 추동되는 양국 간 파트너십이 (이번 방문으로) 더욱 공고하게 될 것""이라고 내다봤다.    이어 최근 주요 7개국(G7) 정상회의와 우크라이나 평화 회의가 개최된 것을 거론하면서 "" 푸틴의 방북은 우크라이나 전쟁에 대한 김정은의 지원을 강화하는 것을 모색하기 위한 기회""라면서 ""미국의 우크라이나에 대한 군사 지원이 재개되면서 이런 목표는 더 시급해졌다""고 말했다.    CNN은 ""북한의 무기 지원 대가로 러시아가 대북 제재를 위반하고 북한의 군사위성 프로그램을 도울 수 있다고 전문가들은 우려하고 있다""고 전하면서 ""북한과의 관계를 강화하려는 푸틴의 움직임은, 불법 핵무기에 대한 제재에 굴복하지 않고 있는 김정은에게 도움이 되고 있다""고 밝혔다.    CNN은 또 ""안보리 상임이사국인 러시아 지도자의 방문은 북한 내에서 김정은의 글로벌 영향력을 보여주는 신호""라고 평가했다.     AP통신은 푸틴 대통령의 방북과 관련, ""김정은은 신냉전 구도 속에서 미국과 대립하는 국가들과 협력을 확장하고, 역내 기반을 강화하기 위한 노력 차원에서 러시아에 (외교적) 초점을 맞추고 있다""고 말했다.    이어 ""북한이 핵·미사일 프로그램 관련 기술을 이전받고 경제적 지원을 받는 대가로 우크라이나에 필요한 군수품을 제공하는 무기 협정을 체결할 수 있다는 우려가 있다""고 보도했다.    이밖에 로이터통신은 푸틴의 방북에 대해 ""핵무장 국가인 북한과 급성장하는 (러시아의) 파트너십을 보여준다""고 평가했다.    soleco@yna.co.kr
		",[],['연합뉴스'],https://n.news.naver.com/mnews/article/001/0014752356,https://mimgnews.pstatic.net/image/upload/office_logo/001/2020/09/15/logo_001_6_20200915184213.png
"['""푸틴, 18일 저녁 평양 도착…북러 포괄적 전략파트너십 추진""']",['2024.06.18. 오전 12:03'],"
			""김정은·푸틴 회담에 상당 시간 할애…필요 시 추가 배석""
	
		
	
[보스토니치 우주기지(러시아)=AP/뉴시스]블라디미르 푸틴 러시아 대통령이 방북 기간 북한과의 포괄적 전략 파트너십 체결을 추진한다고 유리 우샤코프 러시아 대통령 외교 담당 보좌관이 17일(현지시각) 밝혔다. 사진은 푸틴 대통령(오른쪽)과 김정은 북한 국무위원장이 2023년 9월13일 러시아 동부 블라고베셴스크에서 약 200㎞ 떨어진 치올코프스키시 외곽 보스토치니 우주기지에서 만나 악수하는 모습. 2024.06.18.[서울=뉴시스] 김난영 기자 = 블라디미르 푸틴 러시아 대통령이 방북 기간 북한과의 포괄적 전략 파트너십 체결을 추진한다.타스통신과 리아노보스티 등은 17일(현지시각) 유리 우샤코프 러시아 대통령 외교담당 보좌관을 인용, ""러시아와 북한은 새로운 포괄적 파트너십 협약을 마무리하려 작업 중""이라며 ""푸틴 대통령의 평양 국빈 방문 기간 체결될 수 있다""라고 보도했다.우샤코프 보좌관은 브리핑에서 ""해당 합의는 모든 국제법 규범에 합치할 것이며, 제3국에 반(反)하는 방향이 아닐 것""이라고 설명했다. 아울러 이 밖에도 ""매우 중대한 문건""에 합의가 이뤄지리라고 덧붙였다.협약 체결을 비롯한 주요 일정은 주로 19일에 이뤄질 것으로 보인다. 우샤코프 보좌관은 ""대통령은 18일 저녁 늦게 평양으로 갈 것""이라며 ""(국빈 방문 일정의) 실질적인 부분은 19일에 이뤄질 것""이라고 설명했다.그는 ""푸틴 대통령과 김정은 국무위원장의 대면 소통에 상당한 시간이 할애될 것""이라며 ""필요할 경우 다른 이들이 대화에 합류할 것""이라고 설명했다. 아울러 이번 회담을 통해 ""가장 중요하고 민감한 의제""를 논의하리라고 덧붙였다． 
		",['김난영 기자'],['뉴시스'],https://n.news.naver.com/mnews/article/003/0012611560,https://mimgnews.pstatic.net/image/upload/office_logo/003/2019/01/23/logo_003_6_20190123191323.jpg
"['중국, ‘EU산 돼지고기’ 반덤핑 조사 착수… ‘전기차 관세 폭탄’에 맞불']",['2024.06.18. 오전 12:18'],"
			사실상 보복 조치… 중국·EU 간 통상 분쟁 가열EU “조사 절차 면밀 검토… 적절히 개입할 수도”
	
		
	
지난 16일 서울의 한 대형 마트에 삼겹살이 진열돼 있다. 중국은 17일 유럽연합(EU)산 돼지고기에 대한 반덤핑 조사에 착수한다고 밝혔다. 연합뉴스중국 정부가 17일 유럽연합(EU)산 돼지고기와 그 부산물에 대한 반덤핑 조사에 착수했다. 닷새 전 EU가 중국산 전기차의 관세를 대폭 인상한다는 임시 조처를 발표한 데 대한 보복 조치다. 양측의 통상 분쟁이 갈수록 가열되는 분위기다.""중 축산업계 신청에 EU 돼지고기 반덤핑 조사""중국 상무부는 이날 홈페이지를 통해 “지난 6일 국내 돼지고기·돼지 부산물 산업을 대표하는 중국축목업협회(축산협회)의 반덤핑 조사 신청을 접수했다”며 “17일부터 EU가 원산지인 수입 돼지고기 및 돼지 부산물 반덤핑 조사를 진행하기로 했다”고 밝혔다. 조사 품목은 신선·냉장·냉동 돼지고기와 식용 분쇄육, 건조·훈연·염장 제품과 내장 등이다. 상무부는 통상적으로 볼 때 이번 조사가 내년 6월 17일 끝나겠지만, 특수한 상황이 있을 경우 6개월 연장될 수 있다고 덧붙였다.중국 해관총서(관세청) 자료에 따르면, 작년 한 해 동안 중국은 스페인 포르투갈 아일랜드 프랑스 네덜란드 덴마크 등에서 돼지고기 및 부산물을 총 13억4,500만 톤(33억 달러·약 4조6,000억 원 상당)을 수입했다. 전 세계에서 중국이 수입하는 분량(약 28억 톤)의 절반가량이다.
	
		
	
지난 4월 25일 중국 베이징에서 열린 오토쇼 행사장에 중국산 전기차가 전시돼 있다. 베이징=조영빈 특파원중국 상무부 무역구제조사국 책임자는 기자와의 문답 형식으로 게시한 입장문에서 “이번 조사는 국내 산업계 신청에 응해 시작됐다”며 “중국 관련 법규와 세계무역기구(WTO) 규칙에 기초해 심사한 결과, 반덤핑 조사 개시 조건에 부합한다고 봤다”고 밝혔다. 이어 “각 이해관계자 권리를 충분히 보장하고 조사 결과에 따라 객관적이고 공정한 결정을 내릴 것”이라고 부연했다.""EU산 유제품·자동차 등 무역 조사 확대 가능성""EU도 대응 방침을 예고했다. 올로프 질 EU 집행위원회 무역담당 대변인은 “EU 산업계 및 회원국과 함께 (중국의) 조사 절차를 면밀히 살펴볼 것”이라며 “조사가 WTO 규정을 지키도록 적절히 개입하겠다”고 말했다. 옌스 에스켈룬드 중국 주재 EU상공회의소 회장도 “관할권 내에서 (반덤핑) 조사에 똑같이 대응하는 게 처음은 아니다. EU의 전기차 관련 조사를 고려할 때 놀랍지 않다”고 밝혔다. 앞서 EU는 지난 12일 ‘보조금 불공정 지급’을 문제 삼아 중국산 전기차에 최고 48%의 ‘관세 폭탄’을 예고한 바 있다.일각에서는 중국의 EU산 돼지고기 반덤핑 조사가 끝이 아닐 것이라는 관측도 나온다. EU에서 생산된 유제품이나 자동차 등 다른 품목에 대해서도 무역 조사가 시작될 수 있다는 뜻이다. 독일과 스페인 등 EU 회원국 일부는 중국과의 통상 분쟁에 따른 자국 산업 피해를 우려하며 원만한 협상을 촉구하고 있기도 하다.
		",[],['한국일보'],https://n.news.naver.com/mnews/article/469/0000807293,https://mimgnews.pstatic.net/image/upload/office_logo/469/2020/09/15/logo_469_6_20200915191039.png
"['""뉴스 \'사실\'이라 믿는 한국인은 10명 중 3명에 불과""']",['2024.06.18. 오전 12:15'],"
			디지털 뉴스 보고서, 韓 언론 신뢰도 31%로 집계47개 국가 신뢰도 평균보다↓…이선균 사건 등 언급
	
		
	
[서울=뉴시스] ﻿﻿17일(현지시각) 영국 옥스퍼드대학교 부설 로이터저널리즘연구소가 발간한 '디지털 뉴스 보고서 2024'에 따르면 대한민국 국민들의 언론 신뢰도는 31%로 나타났다. (사진=디지털 뉴스 보고서 2024 캡쳐) 2024.06.17. photo@newsis.com *재판매 및 DB 금지[서울=뉴시스] 박광온 기자 = 대한민국 언론이 보도하는 내용을 '사실'이라고 믿는 한국인은 10명 중 3명에 불과하다는 조사 결과가 나왔다.17일(현지시각) 영국 옥스퍼드대학교 부설 로이터저널리즘연구소가 발간한 '디지털 뉴스 보고서 2024'에 따르면 대한민국 국민들의 언론 신뢰도는 31%로 나타났다.지난 2016년(22%)과 비교하면 약 1.4배 증가했으나 조사대상 47개 국가 및 지역의 신뢰도 평균(40%)보다는 9%p 낮은 수치다. 언론 신뢰도가 가장 높은 국가인 핀란드(69%)와 비교와 비교하면 38%p나 차이 난다.매체별 신뢰도 집계 결과를 보면 사람들은 MBC(57%), YTN(56%), JTBC(55%), SBS(54%), KBS(51%) 등 방송매체를 상대적으로 더 신뢰하는 경향이 있었다.반면 한겨례(39%), 동아일보(38%), 중앙일보(37%), 조선일보(34%) 등 신문에 대해서는 상대적으로 낮은 신뢰도를 보였다.또 보고서는 뉴스 플랫폼의 경우 전통적 플랫폼인 TV와 신문 등 기성 매체 이용률은 꾸준히 감소한 반면 유튜브·인스타그램 등 소셜미디어 이용률은 크게 증가한 추세를 보인다고 강조했다.실제 뉴스 플랫폼으로서 소셜미디어 이용률은 2016년 32%에서 올해 44%로 약 1.3배 늘었다. 같은 기간 TV는 71%에서 62%로, 인쇄물은 28%에서 16%로 줄었다.보고서는 뉴스 이용률이 감소하는 등 언론에 대한 대중의 무관심이 커지는 상황에, 상대적으로 검증되지 않은 정보를 전달하기 쉬운 소셜미디어 이용률이 크게 늘어난 점이 언론 신뢰도를 낮춘 데 영향을 줬다고 분석했다.특히 ""미디어의 초점이 온라인 플랫폼으로 전환된 이후 많은 사람들은 질이 낮고 선정적인 뉴스가 급속하게 유통됐다고 말한다""고 지적했다.마약 투약 혐의로 수사받다가 숨진 배우 이선균씨 사건도 언급됐다. ""지난해 12월 스스로 목숨을 끊은 영화배우에 대한 선정적인 보도로 한국 언론은 비난을 받았다""라는 것이다.구체적으로 ""마약 투약 혐의로 조사를 받고 있던 배우는 사생활의 세부 사항까지 수개월 동안 언론의 집중적인 주목을 받았다""며 ""마약 수사와 직접적으로 관련되지 않은 대화가 무분별하게 공개됐고, 대중의 관심을 끌기 위한 미디어의 초점은 온라인 플랫폼으로 전환한 이후 더욱 강화됐다""고 짚었다.이어 ""매주 뉴스 샘플의 51%가 사용되는 유튜브와 같은 플랫폼에서 소셜 미디어 사용이 증가하면서 검증되지 않은 유명인의 사생활에 대한 의심과 주장이 더욱 확산됐다""고 전했다.한편 이번 조사는 로이터저널리즘연구소가 여론조사기관 유고브(YouGov)와 함께 지난 1~2월 세계 47개 국가 및 지역에서 온라인을 통해 성인 9만4943명을 대상으로 진행됐다. 
		",[],['뉴시스'],https://n.news.naver.com/mnews/article/003/0012611561,https://mimgnews.pstatic.net/image/upload/office_logo/003/2019/01/23/logo_003_6_20190123191323.jpg
"['“핵무기 창고서 꺼내 실전배치를”…나토 수장, 북·중·러 견제 나섰다']",['2024.06.18. 오전 12:10'],"
			  스톨텐베르그 총장은 이어 “미국은 유럽에 있는 (미국) 핵탄두를 탑재할 수 있는 항공 폭탄을 현대화하고 있으며, 유럽 동맹국들은 나토의 핵 임무 수행을 위한 항공기를 현대화하고 있다”고 공개했다.           나토 회원국 중 핵무기 보유국은 미국과 프랑스, 영국 등 3개국이다. 미국의 경우, 보유 핵탄두 3700여발 중 1700발을 언제든 사용할 수 있는 상태로 유지 중인 것으로 추정된다. 영국은 보유 핵탄두 225개 중 40개를 실전 배치했을 것으로 매체는 추정했다. 미국은 벨기에·독일·이탈리아·네덜란드·튀르키예 등 5개국에도 1960년대에 개발된 항공폭탄인 B61 전술핵폭탄 20발씩을 배치 중인 것으로 알려졌다.           특히 그는 인터뷰에서 “중국이 2030년께 1000발의 핵탄두를 보유할 것으로 보인다”고 경고했다. 그러면서 “나토의 목표는 ‘핵무기 없는 세상’이지만, 러시아·중국·북한이 핵무기를 보유하고, 나토는 핵무기가 없는 세상은 훨씬 위험하기 때문에 우리는 핵 동맹으로 남을 것”이라고 강조했다.           유럽 각국이 국방 예산을 대폭 늘려야 한다고 주장하기도 했다. 그는 “우리는 모두 냉전이 끝나고 긴장이 가라앉으면서 국방비를 줄였지만, 이제 다시 긴장이 고조되고 있으며 방어력을 높여야 할 때가 왔다”고 말했다.           한편 스웨덴 싱크탱크 스톡홀름국제평화연구소(SIPRI)는 16일 공개한 2024년도 연감을 통해 “북한은 지난 1월 기준 핵탄두를 50기 보유해 1년 전(30기)보다 20기를 확충했다”고 추정했다. 그러면서 보유한 핵분열 물질까지 더하면 최대 90기에 달하는 핵탄두를 만들 수 있다고 평가했다.           전 세계에서 사용 가능한(오래된 핵탄두 제외) 핵탄두 수는 올 1월 기준 9585기다. 90%가량은 미국(3708기)과 러시아(4380기)가 보유하고 있다. SIPRI가 밝힌 핵보유국은 미국·러시아·영국·프랑스·중국·인도·파키스탄·이스라엘과 북한 등 9개국이다.   
		","['이승호 기자', '박형수 기자']",['중앙일보'],https://n.news.naver.com/mnews/article/025/0003367400,https://mimgnews.pstatic.net/image/upload/office_logo/025/2021/08/24/logo_025_6_20210824123340.png
['우크라군 훈련하는 체코 군사기지에서 폭발사고…9명 사상'],['2024.06.18. 오전 12:08'],"
			
	
		
	
우크라이나군 훈련장으로 쓰이는 체코 군사기지에서 17일(현지시간) 탄약 폭발사고로 1명이 숨지고 8명이 다쳤다고 AFP통신이 보도했습니다. 사고는 이날 낮 12시쯤 프라하에서 동쪽으로 200여㎞ 떨어진 리바바 군사기지에서 발생했습니다. 체코 육군은 군인 1명이 사망했고 부상자는 군인 7명과 민간인 직원 1명이라고 밝혔습니다. 카테리나 믈린코바 헌병대 대변인은 AFP에 부상자들이 외국인은 아니라고 말했습니다. 체코군은 현재 이 기지를 우크라이나군 장병 훈련장으로 쓰고 있습니다.[사진 출처 : EPA=연합뉴스]■ 제보하기▷ 전화 : 02-781-1234, 4444▷ 이메일 : kbs1234@kbs.co.kr▷ 카카오톡 : 'KBS제보' 검색, 채널 추가▷ 네이버, 유튜브에서 KBS뉴스를 구독해주세요!
		",['지형철 기자'],['KBS'],https://n.news.naver.com/mnews/article/056/0011743047,https://mimgnews.pstatic.net/image/upload/office_logo/056/2020/09/15/logo_056_6_20200915153508.png
"[""아이스크림 반쯤 먹었는데 손가락 나왔다 '진짜 실화'에 '발칵'""]",['2024.06.18. 오전 12:07'],"
			인도 뭄바이 시민, 아이스크림서 손가락 발견경찰에 신고한 뒤 제조사 상대로 소송도 제기
	
		
	
사진=인도 현지 매체 NDTV 캡처[서울경제] 인도 뭄바이에서 온라인으로 주문한 아이스크림에서 사람의 손가락이 발견돼 충격을 주고 있다. 발견자는 손가락을 얼음 주머니에 보관한 뒤 경찰에 신고했으며, 아이스크림 제조사를 상대로 소송을 제기했다.13일(현지시각) NDTV, CBS 등 현지 언론에 따르면 인도 뭄바이에 사는 올렘 브렌든 세라오는 전날 온라인으로 주문한 아이스크림 콘 안에서 사람의 손가락을 발견했다.세라오는 아이스크림을 반쯤 먹다 혀에 이상한 느낌이 들어 이물질을 살펴보다 그것이 사람 손가락이라는 것을 알게 됐다. 손톱이 박힌 손가락은 약 1.5㎝ 길이에 달했다.세라오는 “이물질이 초콜릿이거나 견과류일 것으로 생각했는데 정체를 알고 난 뒤 충격을 받았다. 직업이 의사여서 신체에 대해 잘 알고 있다”며 “자세히 살펴보니 엄지손가락처럼 보였고 손톱과 지문 자국도 발견됐다. 트라우마에 시달리고 있다”고 전했다.한편 경찰은 정확한 원인 파악을 위해 손가락을 정밀 과학수사에 의뢰했다. 또 아이스크림 제조, 포장된 곳 등을 철저히 조사하고 있다. 사건과 관련해 아이스크림 제조사 측은 해당 제품 생산을 중단하고 당국의 철저한 수사에 협조할 것이라고 밝혔다.
		",[],['서울경제'],https://n.news.naver.com/mnews/article/011/0004354368,https://mimgnews.pstatic.net/image/upload/office_logo/011/2020/09/15/logo_011_6_20200915182907.png
"['""외국인은 입장료 4배 더내라""…배짱 영업 어딘가 봤더니?']",['2024.06.18. 오전 12:06'],"
			
	
		
	
[서울경제] 일본에서 최초로 세계문화유산으로 인정 받은 효고현의 히메지성(사진)이 외국인들을 상대로 자국인 입장료의 4배를 징수하는 방안을 검토하고 있다. 17일 요미우리신문에 따르면 히메지시(市)는 전날 열린 국제회의에서 이 같은 방안을 논의했다고 밝혔다. 기요모토 히데야스 히메지시 시장은 이날 “(히메지성은) 7달러면 들어갈 수 있는데 가격을 더 올릴까 생각하고 있다. 외국인에게는 30달러(약 4만원)를 받고, 일본인은 5달러(약 6900원) 정도로 했으면 한다”고 말했다.히메지성은 지난해 입장객이 약 148만 명이었으며 이 중 외국인 관광객은 약 30%에 달한다. 히메지성은 17세기 일본 성곽을 대표하는 목조건축물로 1993년 유네스코 세계 문화유산으로 등재됐다.일본 여론은 히메지성의 이중가격 설정을 크게 반기고 있다. 해당 소식에 대해 일본 최대 포탈 야후 재팬에서는 83% 넘는 절대 다수가 이중가격 설정에 찬성하는 것으로 나타났다. 일본에서는 관광객 급증과 맞물려 ‘이중가격제’ 논의가 최근 제기된 이래 실제로 이를 도입하는 가게들이 지방뿐 아니라 도쿄 등지에서도 속속 늘어나고 있다.
		",['서정명 기자'],['서울경제'],https://n.news.naver.com/mnews/article/011/0004354367,https://mimgnews.pstatic.net/image/upload/office_logo/011/2020/09/15/logo_011_6_20200915182907.png
"['""푸틴, 18일 저녁 평양 도착…북러 포괄적 전략파트너십 추진""']",['2024.06.18. 오전 12:03'],"
			""김정은·푸틴 회담에 상당 시간 할애…필요 시 추가 배석""
	
		
	
[보스토니치 우주기지(러시아)=AP/뉴시스]블라디미르 푸틴 러시아 대통령이 방북 기간 북한과의 포괄적 전략 파트너십 체결을 추진한다고 유리 우샤코프 러시아 대통령 외교 담당 보좌관이 17일(현지시각) 밝혔다. 사진은 푸틴 대통령(오른쪽)과 김정은 북한 국무위원장이 2023년 9월13일 러시아 동부 블라고베셴스크에서 약 200㎞ 떨어진 치올코프스키시 외곽 보스토치니 우주기지에서 만나 악수하는 모습. 2024.06.18.[서울=뉴시스] 김난영 기자 = 블라디미르 푸틴 러시아 대통령이 방북 기간 북한과의 포괄적 전략 파트너십 체결을 추진한다.타스통신과 리아노보스티 등은 17일(현지시각) 유리 우샤코프 러시아 대통령 외교담당 보좌관을 인용, ""러시아와 북한은 새로운 포괄적 파트너십 협약을 마무리하려 작업 중""이라며 ""푸틴 대통령의 평양 국빈 방문 기간 체결될 수 있다""라고 보도했다.우샤코프 보좌관은 브리핑에서 ""해당 합의는 모든 국제법 규범에 합치할 것이며, 제3국에 반(反)하는 방향이 아닐 것""이라고 설명했다. 아울러 이 밖에도 ""매우 중대한 문건""에 합의가 이뤄지리라고 덧붙였다.협약 체결을 비롯한 주요 일정은 주로 19일에 이뤄질 것으로 보인다. 우샤코프 보좌관은 ""대통령은 18일 저녁 늦게 평양으로 갈 것""이라며 ""(국빈 방문 일정의) 실질적인 부분은 19일에 이뤄질 것""이라고 설명했다.그는 ""푸틴 대통령과 김정은 국무위원장의 대면 소통에 상당한 시간이 할애될 것""이라며 ""필요할 경우 다른 이들이 대화에 합류할 것""이라고 설명했다. 아울러 이번 회담을 통해 ""가장 중요하고 민감한 의제""를 논의하리라고 덧붙였다． 
		",['김난영 기자'],['뉴시스'],https://n.news.naver.com/mnews/article/003/0012611560,https://mimgnews.pstatic.net/image/upload/office_logo/003/2019/01/23/logo_003_6_20190123191323.jpg
"['푸틴, 김정은 초청으로 18~19일 北 국빈 방문… “24년 만의 방북”']",['2024.06.18. 오전 12:03'],"
			크렘린궁·僰 공식화··· 작년 9월 이후 9개월 만에 재회북러 밀착 국제사회 주목··· “군 협력 수준이 최대 관심”
	
		
	
AFP 크렘린풀=연합뉴스[서울경제] 블라디미르 푸틴 러시아 대통령이 18~19일 북한을 방문한다. 푸틴 대통령의 방북은 2000년 7월 이후 24년 만이다. 이로써 푸틴 대통령과 김정은 북한 국무위원장은 지난해 9월 김 위원장의 러시아 방문 이후 9개월 만에 재회하게 됐다.러시아 타스통신·영국 로이터통신 등에 따르면, 크렘린궁(러시아 대통령실)은 17일 “푸틴 대통령이 김 위원장 초청에 따라 18일부터 1박 2일 일정으로 북한을 국빈 방문한다”고 공식 발표했다. 북한 조선중앙통신도 같은 내용을 동시에 발표하며 푸틴 대통령의 방북을 확인했다. 두 정상의 직접 만남은 2019년 4월 러시아 블라디보스토크에서 열린 첫 정상회담을 포함해 이번이 세 번째다.북한이 외국 정상을 맞이하는 것은 2020년 코로나19에 따른 국경 폐쇄 이후 처음이다. 푸틴 대통령으로선 지난달 집권 5기를 시작한 뒤, △중국(5월 16, 17일) △벨라루스(5월 23, 24일) △우즈베키스탄(5월 26~28일) 등에 이어 북한을 네 번째 해외 방문지로 택한 셈이 된다.푸틴 대통령의 이번 방북은 최근 들어 점점 공고해지는 북러 간 밀착 흐름과 맞물려 국제사회의 관심이 집중되고 있다. 작년 9월 북러 정상회담을 한 지 1년도 안 돼 김 위원장의 답방 요청을 수락한 데다, 이를 계기로 북한이 러시아에 대(對)우크라이나 전쟁 수행을 위한 무기를 지원했다는 사실도 간과할 수 없는 탓이다. 실제 18일로 예상되는 두 정상 간 회담의 최대 관심사도 양국의 군사 협력 수준으로 꼽힌다.한편 크렘린궁은 푸틴 대통령이 북한에 이어 19,~20일에는 응우옌 푸 쫑 베트남 공산당 서기장의 초청으로 베트남 하노이를 국빈 방문한다고 밝혔다. 푸틴 대통령은 베트남에서 양국의 무역·경제·과학·기술·인도주의적 분야의 포괄적인 전략 파트너십을 더 발전시키는 문제 등을 논의할 계획이다.
		",['연승 기자'],['서울경제'],https://n.news.naver.com/mnews/article/011/0004354363,https://mimgnews.pstatic.net/image/upload/office_logo/011/2020/09/15/logo_011_6_20200915182907.png
"['[속보]푸틴, 24년 만에 북한 국빈방문…""북러, 포괄적 전략 동반자 협정 준비""']",['2024.06.18. 오전 12:02'],"
			대통령실, 푸틴 24년만의 방북에 ""상황 면밀히 주시""
	
		
	
◇블라디미르 푸틴 러시아 대통령과 정은 북한 국무위원장[AFP/크렘린풀=연합뉴스 자료사진]블라디미르 푸틴 러시아 대통령이 김정은 북한 국무위원장의 초청으로 18일부터 1박2일 일정으로 북한을 국빈방문한다크렘린궁은 푸틴 대통령의 방북을 하루 앞둔 17일 이같은 사실을 공식 발표했다. 푸틴 대통령의 방북은 2000년 7월 19∼20일 이후 24년 만이다.북한 조선중앙통신도 이같은 내용을 러시아와 동시 발표하며 푸틴 대통령의 방북 사실을 확인했다.2019년 4월 러시아 블라디보스토크 북러 정상회담을 포함해 푸틴 대통령과 김 위원장이 직접 만나는 것은 이번이 세 번째다.지난해 9월 러시아 극동 보스토치니 우주기지에서 김정은 북한 국무위원장과 북러 정상회담을 한 이후 9개월 만의 답방이기도 하다.당시 김 위원장은 푸틴 대통령에게 북한에 방문해달라고 초청했고, 푸틴 대통령은 이를 수락했다.북한에 외국 정상이 방문하는 것은 북한이 2020년 코로나19로 국경을 폐쇄한 이후 처음이다.러시아 당국은 이날 ""북한과 러시아는 포괄적 전략 동반자 협정을 준비 중이라고 밝혔다.푸틴 대통령은 앞서 2000년 러시아 지도자로선 처음 북한을 찾아 김 위원장의 아버지인 김정일 국방위원장과 회담하고 북러 공동선언을 발표했다.지난달 집권 5기를 공식 시작한 이후 가장 먼저 중국(5.16∼17)을 찾았던 푸틴 대통령은 벨라루스(5.23∼24), 우즈베키스탄(5.26∼28)에 이어 북한을 네 번째 해외 방문지로 택했다.2019년 김 위원장의 방북 요청에는 응하지 않았던 푸틴 대통령은 이번에는 신속한 북한 답방으로 점점 공고해지고 있는 북러 밀착을 과시했다.러시아와 북한은 2022년 2월 러시아의 우크라이나 '특별군사작전' 이후 관계를 발전시키고 있다.국제사회 대부분이 러시아의 우크라이나 공세를 강하게 비판하는 것과 달리 북한은 러시아를 공개적으로 지지하고 있다. 북한은 크림반도를 포함해 러시아의 우크라이나 영토 병합을 인정한다.
	
		
	
◇북한 김정은 국무위원장의 러시아 방문을 환영해 블라디미르 푸틴 러시아 대통령이 지난 13일 연회를 마련했다고 조선중앙통신이 14일 보도했다. [AFP/크렘린풀=연합뉴스 자료사진]북한은 지난해 9월 북러 정상회담 이후 러시아에 우크라이나 작전에 필요한 무기를 지원한 것으로 알려졌다.국제사회의 제재로 고립 위기인 러시아는 조건 없는 지지를 보내는 북한의 가치를 높게 평가하고 있다. 이번 푸틴 대통령의 방북은 이에 대한 보답 성격으로도 풀이된다.이번 방북의 최대 관심사는 양측이 군사협력 수준이다. 푸틴 대통령은 지난해 9월 정상회담에서 북한에 인공위성 기술 지원을 시사했다.특히 1961년 옛 소련과 북한이 체결한 '조·소 우호협조 및 상호원조에 관한 조약'에 포함됐다가 한러 수교로 1996년 폐기된 자동군사개입 조항을 되살리는 정도의 협의가 이뤄질지에 관심이 쏠린다.2000년 체결된 북러 '우호·선린·협조 조약'에는 자동군사개입 조항 대신 '쌍방 중 한 곳에 침략당할 위기가 발생할 경우 (중략) 쌍방은 즉각 접촉한다'는 내용만 담겼다.러시아의 북한 노동자 고용도 예상 의제 중 하나다. 북한 노동자 수급 계약은 유엔 안전보장이사회 대북 제재 결의에 저촉되지만 러시아는 특별군사작전으로 폐허가 된 지역을 재건하는 데 북한 노동자를 투입하는 방안을 고려하는 것으로 알려졌다.크렘린궁은 푸틴 대통령이 방북에 이어 19∼20일 응우옌 푸 쫑 베트남 공산당 서기장의 초청으로 베트남을 국빈 방문한다고 밝혔다.그러면서 푸틴 대통령이 베트남에서 양국의 무역, 경제, 과학, 기술, 인도주의적 분야의 포괄적인 전략 파트너십을 더욱 발전시키는 문제를 논의하고 국제·지역 의제에 대한 현안과 관련해 의견을 교환할 계획이라고 설명했다.푸틴 대통령은 응우옌 푸 쫑 서기장과 또 럼 베트남 국가주석 등과 만나 양국 공동성명을 채택하고 여러 양자간 문서를 체결할 계획이라고 밝혔다.크렘린궁은 푸틴 대통령의 북한 내 일정에 대해서는 구체적으로 언급하지 않았다.크렘린궁은 푸틴 대통령이 18일 극동지역 사하(야쿠티야) 공화국 야쿠츠크를 방문할 예정이라고 밝혀 이 일정 직후 북한을 찾을 것으로 보인다.푸틴 대통령은 19일 베트남을 방문하는 만큼 그가 북한에 실제로 머무는 시간은 약 하루 정도에 그칠 가능성이 있다.
	
		
	
한편, 대통령실 관계자는 이날 푸틴 대통령의 방북 관련 동향을 주시하며 대응 방안을 검토한다는 방침을 밝혔다.푸틴 대통령의 방북 이후 러북 정상회담에서 나올 메시지와 양국 협력 정도에 따라 대응 수위를 결정하겠다는 취지다.안보 당국은 러시아와 북한이 푸틴 대통령의 방북을 계기로 '유사시 자동 군사 개입'에 가까운 수준의 군사 협력을 맺을 가능성도 배제하지 않고 면밀히 상황을 관찰 중인 것으로 알려졌다.유사시 자동 군사 개입을 포함한 러북 간 군사 동맹은 우리 정부가 용인할 수 있는 선을 넘는 도발로 인식된다.장호진 국가안보실장은 전날 연합뉴스TV에 출연해 ""러시아 측에 일정한 선을 넘지 말라는 경고성 소통을 한 바 있다""고 말했다.다만, 외교가에서는 러시아와 북한이 이번 정상회담에서 실제로 동맹 수준의 조약을 맺을 가능성은 작다는 분석도 나온다.
		",['이태영 기자'],['강원일보'],https://n.news.naver.com/mnews/article/087/0001050783,https://mimgnews.pstatic.net/image/upload/office_logo/087/2019/09/02/logo_087_6_20190902111302.png
