category,url,title,media,thumbnail,date,content
정치_대통령실,https://n.news.naver.com/mnews/article/421/0007624741,"대통령실 ""국회가 최고 권력기관""…거야 입법 독주에 '부글부글'",뉴스1,https://mimgnews.pstatic.net/image/origin/421/2024/06/26/7624741.jpg?type=ofullfill220_150,2024-06-26 10:17:06,"""야당, 절차 지키는 것이 좋을텐데 아쉬워""



유상범, 송석준 국민의힘 의원이 25일 오전 서울 여의도 국회에서 열린 법제사법위원회 4차 전체회의에서 정청래 위원장과 더불어민주당 의원들을 향해 간사 선임부터 해야 한다며 의사일정 진행 관련 항의를 하고 있다. 2024.6.25/뉴스1 ⓒ News1 안은나 기자(서울=뉴스1) 김정률 기자 = 대통령실은 26일 더불어민주당의 입법 강행에 대해 ""국회가 이제 우리나라의 최고 권력기관이 됐고, 그중 법사위가 가장 핵심적 역할을 하고 있다""고 비판했다. 대통령실 고위관계자는 이날 통화에서 ""올바르지 않은 행태고 언젠가는 국민들에게 좋지 않은 결과가 나올 것이다. 야당이 세다고 해도 절차를 지키는 것이 좋을텐데 아쉽다""며 이렇게 말했다. 전날 국회에서 열린 법제사법위원회 전체회의에서는 지난 18일 소관 상임위인 과방위 문턱을 넘은 방송법·방송문화진흥회법·한국교육방송공사법 개정안 등 이른바 방송3법과 방송통신위원회 설치법 개정안이 여당 의원들의 반발 속 야당 단독으로 처리됐다. 민주당은 지난 21일에는 여당이 불참한 가운데 단독으로 법사위 입법 청문회를 여는 한편, 개정된 해병대원 특검법을 통과시키기도 했다. 대통령실 입장에서는 여당이 아무런 힘을 발휘할 수 있는 22대 국회에서 야당의 이런 입법 독주에 손을 놓을 수밖에 없는 상황이다. 민주당은 22대 국회들어 재발의한 법안은 △양곡관리법 △방송법 3법 △노란봉투법 △김건희 여사 종합특검법 등이다. 대통령실은 이들 법안에 대한 재의요구권(거부권) 행사 여부에 대해 아직 입장을 밝히지 않고 있지만 야당 단독으로 국회 본회의를 통과할 경우 거부권 행사는 불가피한 상황이다. 이 경우 대야(對野) 관계는 더욱 경색될 뿐 아니라 윤 대통령에 대한 여론의 압박도 커질 수밖에 없는 상황이다. 대통령실 고위관계자는 ""대응하는 것이 불가능하지 않냐""며 ""민주당은 목표를 향해 좌고우면하지 않고 가겠다는 것으로 보인다""고 했다."
정치_대통령실,https://n.news.naver.com/mnews/article/029/0002883065,박성중 전 의원 과기부 장관 유력설…대통령실 비서관 5명도 부처로 갈 듯,디지털타임스,https://mimgnews.pstatic.net/image/origin/029/2024/06/26/2883065.jpg?type=ofullfill220_150,2024-06-26 10:14:07,"박성중 전 국민의힘 의원이 유력한 차기 과학기술정보통신부 장관 후보자로 거론되고 있다. 대통령실 비서관도 대거 부처로 자리를 이동할 전망이다. 26일 정치권에 따르면 박 전 의원이 과기부 장관 후보자로 인사 검증 절차가 진행중인 것으로 알려졌다. 박 전 의원은 20·21대 국회의원을 지냈고, 21대 국회 후반기 과학기술정보방송통신위원회 여당 간사를 역임한 바 있다. 윤석열 대통령의 인수위원회에서도 과학기술교육분과 간사를 했다. 22대 총선에서 자시의 지역구인 서초을이 아닌 경기 부천을에 출마했다가 낙선했다. 행정고시로 공직에 진출했기 때문에 과학계 출신은 아니다.윤 대통령은 앞서 지난달 9일 취임 2주년 기자회견에서 개각 가능성을 묻는 질문에 '정부 출범 후 2년간 장관직을 지낸 인물'을 대상으로 지목한 바 있다. 이종호 과기부 장관을 비롯해 한화진 환경부 장관, 이정식 고용노동부 장관 등이 해당한다. 대통령실에서 부처로 교체가 이뤄지는 비서관급도 상당수에 달할 것으로 예상된다. 경향신문은 이날 고득영 보건복지비서관·김성섭 중소벤처비서관·김종문 국정과제비서관·연원정 인사제도비서관·박범수 농해수비서관 등이 정부 부처 인사 목적의 검증을 진행하고 있다고 보도했다. 윤 대통령은 지난 20일에도 환경부 차관과 고용부 차관에 각각 이병화 대통령실 기후환경비서관, 김민석 대통령실 고용노동비서관을 임명했고, 지난해에도 대통령실 비서관들을 부처 차관급으로 대거 이동시켜 부처 장악력을 높인 바 있다.  



박성중 전 국민의힘 의원. 연합뉴스"
정치_대통령실,https://n.news.naver.com/mnews/article/003/0012629368,"대통령실, 북 탄도미사일 발사 직후  안보상황점검회의",뉴시스,https://mimgnews.pstatic.net/image/origin/003/2024/06/26/12629368.jpg?type=ofullfill220_150,2024-06-26 10:09:49,"안보 2차장 주재



[서울=뉴시스]인성환 국가안보실 제2차장은 15일 용산 대통령실에서 사이버안보 상황점검 회의를 열었다.(사진=대통령실 제공) 2023.11.15[서울=뉴시스] 박미영 기자 = 대통령실은 26일 북한이 동해으로 탄도미사일을 발사한 직후 안보상황점검회의를 열어 대응 방안을 논의했다. 이날 안보상황점검회의는 인성환 국가안보실 2차장이 주재했으며 군 당국의 상황 보고 등이 있었다. 합동참모본부에 따르면 이날 북한은 오전 5시30분께 평양 일대에서 동해상으로 미상의 탄도미사일을 발사했으나 실패한 것으로 추정된다. 북한의 탄도미사일 발사는 지난달 30일 이후 27일만이다. 북한은 24일부터 이틀 연속으로 대남 오물풍선을 살포한 바 있으며 이날 새벽 탄도미사일까지 발사해 복합 도발 양상을 보이고 있다."
정치_대통령실,https://n.news.naver.com/mnews/article/421/0007624695,"한 총리 ""6.8조원 규모 2025년 국제개발협력 종합시행계획 마련""",뉴스1,https://mimgnews.pstatic.net/image/origin/421/2024/06/26/7624695.jpg?type=ofullfill220_150,2024-06-26 10:03:30,"국제개발협력위원회 주재…""세계 10위권 선진 ODA 도약 의지""



한덕수 국무총리가 26일 서울 종로구 정부서울청사에서 열린 국제개발협력위원회 회의에서 모두발언을 하고 있다. 2024.6.26/뉴스1 ⓒ News1 허경 기자(서울=뉴스1) 이기림 기자 = 한덕수 국무총리는 26일 ""정부는 세계 10위권의 선진 공적개발원조(ODA) 국가로 도약하겠다는 의지를 계속 이어나가고자, 이번에 6조 8천억원 규모의 2025년 국제개발협력 종합시행계획을 마련했다""고 밝혔다. 한 총리는 이날 오전 정부서울청사에서 제50차 국제개발협력위원회를 열고 ""윤석열 정부는 글로벌 중추국가의 비전을 실현하기 위해 ODA 규모를 지속적으로 확대해왔다""며 이같이 말했다. 이어 ""지금 우리는 ODA의 양적 확대에 걸맞은 질적 성장을 이뤄야 할 과제를 안고 있다""며 ""또한 기후변화, 자연재해, 식량위기, 공급망 불안과 같은 글로벌 현안 해결을 위해 책임 있는 역할을 수행해야 한다""고 밝혔다. 한 총리는 ""우리의 대외정책과 연계해 주요 협력국과 상생의 국익을 실현하겠다""며 ""한-아프리카 정상회의 및 중앙아시아 순방 성과를 충실히 이행해 주요국과의 협력을 더욱 촉진해 나가겠다""고 말했다. 이어 ""수원국의 혁신과 개발 지원을 위한 맞춤형 협력사업을 지원하면서, 우리 기업 진출과 공급망 협력에도 적극 노력하겠다""고 밝혔다. 또한 한 총리는 ""국제사회의 지속가능한 발전목표 달성을 위해서 더욱 노력하겠다""며 ""글로벌 기후재원 조성에 적극 참여하고, 취약국·취약계층을 위한 식량원조와 포용의료에도 계속 관심을 기울이겠다""고 말했다. 이어 ""글로벌 동반 성장을 위해 전자정부 등 개도국의 디지털경제 전환에도 힘을 보태겠다""고 밝혔다. 아울러 한 총리는 ""ODA의 질적 향상을 위한 기반을 다지겠다""며 ""우리가 비교우위가 있고, 수원국이 원하는 발전경험을 전수하기 위한 사업에 역량을 집중하겠다""고 말했다. 이어 ""이를 위해 관행적 사업, 성과가 적은 소액사업의 과감한 구조조정에 주안점을 뒀다""며 ""ODA를 추진하는 과정에서 부처간 벽을 허무는 협업을 통해서 성과를 제고하고, 선진공여국과 민간 전문가의 경험과 조언도 적극 반영하겠다""고 밝혔다."
정치_대통령실,https://n.news.naver.com/mnews/article/277/0005437146,"대통령실, 北 탄도미사일 발사에 안보상황점검회의 개최",아시아경제,https://mimgnews.pstatic.net/image/origin/277/2024/06/26/5437146.jpg?type=ofullfill220_150,2024-06-26 09:57:13,26일 오전 5시32분께 인천시 옹진군 대연평도 앞 바다 상공에 북한 탄도미사일 추정 항적운이 길게 뻗어 있다. [이미지출처=연합뉴스]대통령실은 26일 오전 북한의 탄도미사일 발사와 관련해 인성환 국가안보실 2차장 주재로 안보상황점검회의를 열고 대응책을 논의했다.앞서 합동참모본부는 북한이 이날 오전 5시30분께 평양 일대에서 동해상으로 미상 탄도미사일을 발사했으나 실패한 것으로 추정된다고 밝혔다.북한의 탄도미사일 발사는 지난달 30일 이후 약 한 달 만이다.지난 24∼25일 이틀 연속 대남 '오물 풍선'을 살포한 북한은 이날 새벽 탄도미사일까지 발사하며 도발 수위를 끌어올리고 있다.
정치_대통령실,https://n.news.naver.com/mnews/article/001/0014769781,"김한규 의원, 관광진흥청 설립 정부조직법 개정안 발의",연합뉴스,https://mimgnews.pstatic.net/image/origin/001/2024/06/26/14769781.jpg?type=ofullfill220_150,2024-06-26 09:55:15,"문체부서 관광정책국 분리…'관광청 제주 설치' 대통령 공약 국회서 논의(제주=연합뉴스) 고성식 기자 = 윤석열 대통령의 공약인 '관광청 제주 설치' 논의가 국회 차원에서 추진된다. 



제주도 지지 유세(자료사진)(제주=연합뉴스) 한종찬 기자  = 국민의힘 윤석열 대선 후보가 2022년 3월 8일 제주시 동문시장 일대에서 열린 ‘제주와 함께 승리합니다’ 제주도 거점유세에서 돌하르방을 들어보이고 있다. 2022.3.8 [공동취재] saba@yna.co.kr    더불어민주당 김한규 국회의원(제주시을)은 한국관광진흥청을 설립하고 한국관광진흥청의 목적과 업무 범위를 명확히 규정하는 내용으로 '정부조직법 일부개정 법률안'을 발의했다고 26일 밝혔다.    이는 문화체육관광부가 관장하는 관광 사무를 별도의 조직으로 분리하는 내용이다.    개정 법률안에는 한국관광진흥청의 청장은 차관급으로 두고 문체부의 관광정책국을 흡수해 조직을 개편하는 내용이 담겼다.    김 의원은 ""관광산업은 경쟁력과 가치를 지닌 국가 전략 산업""이라며 ""관광 사무를 효율적이고 체계적으로 이행할 사령탑을 만들기 위해 법안을 발의했다""고 설명했다.     김 의원은 이어 ""특히 관광청 신설과 제주 유치는 윤석열 대통령의 공약이자 국민의힘 총선 공약이지만, 현재까지 감감무소식""이라며 ""지금이라도 정부가 공약 이행에 나서주길 바란다""고 말했다.  koss@yna.co.kr"
정치_대통령실,https://n.news.naver.com/mnews/article/032/0003304660,"[단독]대통령실, 비서관 5명 대거 인사 검증···박성중 전 의원 과기부 장관 유력 검토",경향신문,https://mimgnews.pstatic.net/image/origin/032/2024/06/26/3304660.jpg?type=ofullfill220_150,2024-06-26 09:47:08,"7월 단행 장·차관 인사서 영전 기용 전망대통령실이 초기부터 함께 일해온 비서관들 5명 등에 대한 인사 검증을 대거 진행 중인 것으로 26일 확인됐다. 각 부처 차관 등으로 영전 기용할 것으로 전망된다. 또 지난 총선에서 낙마한 박성중 전 국민의힘 의원을 과학기술정보통신부 장관 후보자로 검증하는 것으로도 확인됐다.



용산 대통령실 청사 전경. 대통령실 제공경향신문 취재 결과 정부는 대통령실 소속의 고득영 보건복지비서관·김성섭 중소벤처비서관·김종문 국정과제비서관·연원정 인사제도비서관·박범수 농해수비서관에 대한 인사 검증을 진행하는 것으로 확인됐다. 대통령실은 초기부터 함께 일해온 비서관들을 정부 부처 등으로 보내 활용할 계획이다. 대통령실은 이들을 섭섭하지 않게 대우하겠다는 입장인 것으로 전해졌다.비서관들을 대거 인사 검증하는 배경에는 인사 교체를 통해 대통령실을 쇄신하고, 기존 대통령실 비서관을 일부 부처로 보내 장악력을 높이겠다는 의도가 깔린 것으로 해석된다. 윤 대통령은 앞서 지난 20일 환경부 차관과 고용부 차관에 각각 이병화 대통령실 기후환경비서관, 김민석 대통령실 고용노동비서관을 임명한 바 있다.이외에도 정부는 박성중 전 의원, 방기선 국무조정실장, 김완섭 전 기획재정부 2차관 등에 대한 인사 검증도 진행 중이다. 박 전 의원은 과기부 장관직을 염두에 두고 검증하는 것으로 확인됐다. 당초 방 실장 자리에 김 전 차관을 기용할 거란 관측도 있었지만, 김 전 차관은 국무조정실장이 아닌 다른 자리로 검토중인 것으로 확인됐다.장·차관 인사는 7월 중 단행될 예정이다. 박 전 의원이 과기부 장관으로 확정될 경우 과학기술 분야에 전문성이 있느냐는 지적이 제기될 수 있다. 박 전 의원은 20~21대에서 서울 서초을 국회의원을 지냈고, 지난 총선에선 경기 부천을에 출마했지만 낙마했다. 문화체육관광부 2차관 후보군에 올라있는 이용 전 국민의힘 의원과 맞물려 장·차관직이 ‘총선 패자 부활’용이 된다는 비판도 나올 수 있다."
정치_대통령실,https://n.news.naver.com/mnews/article/421/0007624575,발언하는 한덕수 총리,뉴스1,https://mimgnews.pstatic.net/image/origin/421/2024/06/26/7624575.jpg?type=ofullfill220_150,2024-06-26 09:45:06,(서울=뉴스1) 허경 기자 = 한덕수 국무총리가 26일 서울 종로구 정부서울청사에서 열린 국제개발협력위원회 회의에서 모두발언을 하고 있다. 2024.6.26/뉴스1
정치_대통령실,https://n.news.naver.com/mnews/article/421/0007624571,국제개발협력위원회 발언하는 한덕수 총리,뉴스1,https://mimgnews.pstatic.net/image/origin/421/2024/06/26/7624571.jpg?type=ofullfill220_150,2024-06-26 09:43:57,(서울=뉴스1) 허경 기자 = 한덕수 국무총리가 26일 서울 종로구 정부서울청사에서 열린 국제개발협력위원회 회의에서 모두발언을 하고 있다. 2024.6.26/뉴스1
정치_대통령실,https://n.news.naver.com/mnews/article/421/0007624570,"한덕수 총리, 국제개발협력위원회 발언",뉴스1,https://mimgnews.pstatic.net/image/origin/421/2024/06/26/7624570.jpg?type=ofullfill220_150,2024-06-26 09:43:56,(서울=뉴스1) 허경 기자 = 한덕수 국무총리가 26일 서울 종로구 정부서울청사에서 열린 국제개발협력위원회 회의에서 모두발언을 하고 있다. 2024.6.26/뉴스1
정치_대통령실,https://n.news.naver.com/mnews/article/421/0007624568,"한덕수 총리, 국제개발협력위 회의 참석",뉴스1,https://mimgnews.pstatic.net/image/origin/421/2024/06/26/7624568.jpg?type=ofullfill220_150,2024-06-26 09:43:54,(서울=뉴스1) 허경 기자 = 한덕수 국무총리가 26일 서울 종로구 정부서울청사에서 열린 국제개발협력위원회 회의에  참석하고 있다. 2024.6.26/뉴스1
정치_대통령실,https://n.news.naver.com/mnews/article/421/0007624569,국제개발협력위원회 발언하는 한덕수 총리,뉴스1,https://mimgnews.pstatic.net/image/origin/421/2024/06/26/7624569.jpg?type=ofullfill220_150,2024-06-26 09:43:53,(서울=뉴스1) 허경 기자 = 한덕수 국무총리가 26일 서울 종로구 정부서울청사에서 열린 국제개발협력위원회 회의에서 모두발언을 하고 있다. 2024.6.26/뉴스1
정치_대통령실,https://n.news.naver.com/mnews/article/421/0007624566,"한덕수 총리, 국제개발협력위 회의 발언",뉴스1,https://mimgnews.pstatic.net/image/origin/421/2024/06/26/7624566.jpg?type=ofullfill220_150,2024-06-26 09:43:50,(서울=뉴스1) 허경 기자 = 한덕수 국무총리가 26일 서울 종로구 정부서울청사에서 열린 국제개발협력위원회 회의에서 모두발언을 하고 있다. 2024.6.26/뉴스1
정치_대통령실,https://n.news.naver.com/mnews/article/421/0007624565,국제개발협력위원회 주재하는 한덕수 총리,뉴스1,https://mimgnews.pstatic.net/image/origin/421/2024/06/26/7624565.jpg?type=ofullfill220_150,2024-06-26 09:43:47,(서울=뉴스1) 허경 기자 = 한덕수 국무총리가 26일 서울 종로구 정부서울청사에서 열린 국제개발협력위원회 회의에서 모두발언을 하고 있다. 2024.6.26/뉴스1
정치_대통령실,https://n.news.naver.com/mnews/article/421/0007624564,"[속보] 한 총리  ""6.8조원 규모 2025년 국제개발협력 종합시행계획 마련""",뉴스1,https://mimgnews.pstatic.net/image/origin/421/2024/06/26/7624564.jpg?type=ofullfill220_150,2024-06-26 09:43:47,한덕수 국무총리가 26일 서울 종로구 정부서울청사에서 열린 국제개발협력위원회 회의에서 모두발언을 하고 있다. 2024.6.26/뉴스1 ⓒ News1 허경 기자
정치_대통령실,https://n.news.naver.com/mnews/article/656/0000095207,"대통령실, 北 탄도미사일 발사에 안보상황점검회의 개최",대전일보,https://mimgnews.pstatic.net/image/origin/656/2024/06/26/95207.jpg?type=ofullfill220_150,2024-06-26 09:34:14,"동해로 시험발사한 북한의 탄도미사일 추정 항적운. 연합뉴스. 대통령실은 26일 새벽 북한이 동해상으로 탄도미사일을 발사한 것과 관련, 대응 방안을 논의하기 위해 안보상황점검회의를 개최했다. 대통령실은 이날 새벽 북한이 탄도미사일을 발사한 직후 인성환 국가안보실 제2차장 주재로 회의를 소집, 군 당국으로부터 상황 보고를 받고 대응책을 논의했다. 앞서 합동참모본부는 북한이 이날 오전 5시 30분쯤 평양 일대에서 동해상으로 미상 탄도미사일을 발사했으나 실패한 것으로 추정된다고 밝혔다."
정치_대통령실,https://n.news.naver.com/mnews/article/654/0000079091,"대통령실, 북한 탄도미사일 발사 안보상황점검회의 개최",강원도민일보,https://mimgnews.pstatic.net/image/origin/654/2024/06/26/79091.jpg?type=ofullfill220_150,2024-06-26 09:22:09,"미국도 미사일 발사 규탄



▲ 26일 오전 5시32분쯤 인천시 옹진군 대연평도 앞 바다 상공에 북한 탄도미사일 추정 항적운이 길게 뻗어 있다.  합참은 이날 오전 북한이 동해상으로 미상의 탄도미사일을 발사했지만, 실패한 것으로 추정된다고 밝혔다. 연합뉴스대통령실은 26일 북한이 동해상으로 탄도미사일 발사에 대응해 안보상황점검회의를 개최했다.대통령실은 이날 새벽 북한이 탄도미사일을 발사한 직후 인성환 국가안보실 제2차장 주재로 회의를 소집해 군 당국으로부터 상황 보고를 받고 대응 방안을 논의한 것으로 전해졌다.또 미국 정부는 25일(현지시간) 실패로 귀결된 북한의 탄도미사일 발사를 규탄하고, 추가적인 안보 저해 행위를 자제할 것을 촉구했다.주한미군을 관장하는 미군 인도태평양사령부는 이날 성명에서 ""북한의 탄도미사일 발사를 인지하고 있다""며 ""한국과 일본을 비롯한 역내 동맹들과 긴밀히 협의하고 있다""고 밝혔다.인태사령부는 ""미국 정부는 이 같은 행위를 규탄한다""며 ""북한이 추가적인 불법적인 안보 저해 행위를 삼갈 것을 촉구한다""고 했다.앞서 한국 합참은 26일(한국시간) 북한이 평양 일대에서 동해 쪽으로 미상의 탄도미사일을 발사했지만, 실패한 것으로 추정한다고 공지했다."
정치_대통령실,https://n.news.naver.com/mnews/article/029/0002883044,"대통령실, 北 탄도미사일 발사에 안보상황점검회의 개최",디지털타임스,https://mimgnews.pstatic.net/image/origin/029/2024/06/26/2883044.jpg?type=ofullfill220_150,2024-06-26 09:15:09,"대통령실은 26일 북한이 동해상으로 탄도미사일을 발사한 데 대응해 안보상황점검회의를 개최했다.대통령실은 이날 새벽 북한이 탄도미사일을 발사한 직후 인성환 국가안보실 제2차장 주재로 회의를 소집해 군 당국으로부터 상황 보고를 받고 대응 방안을 논의한 것으로 전해졌다.앞서 합동참모본부는 북한이 이날 오전 5시 30분께 평양 일대에서 동해상으로 미상 탄도미사일을 발사했으나 실패한 것으로 추정된다고 밝혔다.



26일 오전 5시32분께 인천시 옹진군 대연평도 앞 바다 상공에 북한 탄도미사일 추정 항적운이 길게 뻗어 있다.연합뉴스"
정치_대통령실,https://n.news.naver.com/mnews/article/001/0014769636,"대통령실, 北 탄도미사일 발사에 안보상황점검회의 개최",연합뉴스,https://mimgnews.pstatic.net/image/origin/001/2024/06/26/14769636.jpg?type=ofullfill220_150,2024-06-26 09:10:54,"인성환 국가안보실 2차장 주재로 대응 방안 논의



동해로 시험발사한 북한의 탄도미사일 추정 항적운(연평도=연합뉴스) 김도훈 기자 = 26일 오전 5시32분께 인천시 옹진군 대연평도 앞 바다 상공에 북한 탄도미사일 추정 항적운이 길게 뻗어 있다.    합참은 이날 오전 북한이 동해상으로 미상의 탄도미사일을 발사했지만, 실패한 것으로 추정된다고 밝혔다. 2024.6.26 superdoo82@yna.co.kr(서울=연합뉴스) 김영신 기자 = 대통령실은 26일 북한이 동해상으로 탄도미사일을 발사한 데 대응해 안보상황점검회의를 개최했다.    대통령실은 이날 새벽 북한이 탄도미사일을 발사한 직후 인성환 국가안보실 제2차장 주재로 회의를 소집해 군 당국으로부터 상황 보고를 받고 대응 방안을 논의한 것으로 전해졌다.    앞서 합동참모본부는 북한이 이날 오전 5시 30분께 평양 일대에서 동해상으로 미상 탄도미사일을 발사했으나 실패한 것으로 추정된다고 밝혔다. shiny@yna.co.kr"
정치_대통령실,https://n.news.naver.com/mnews/article/018/0005773733,"대통령실, 안보상황점검회의 개최…北 미사일 도발 대응 논의",이데일리,https://mimgnews.pstatic.net/image/origin/018/2024/06/26/5773733.jpg?type=ofullfill220_150,2024-06-26 08:27:12,"[이데일리 박종화 기자] 대통령실은 26일 인성환 국가안보실 2차장 주재로 안보상황점검회의를 열고 북한의 탄도미사일 발사에 대한 대응을 논의했다.



26일 오전 인천 옹진군 대연평도에서 바라본 탄도미사일 추정 물체.(사진=연합뉴스)우리 합동참모본부는 북한이 이날 5시 30분께 평양 일대에서 동해상으로 탄도미사일을 발사했다고 밝혔다. 합참은 “미사일 발사는 실패한 것으로 추정된다”며 “한미 정보당국에서 추가 분석 중에 있다”고 했다.북한은 24일 밤에는 오물풍선 350여 개를 남쪽으로 날려보내는 등 대남 도발을 이어가고 있다."
정치_대통령실,https://n.news.naver.com/mnews/article/011/0004358095,"대통령실, 北탄도미사일 발사에 안보상황점검회의 개최",서울경제,https://mimgnews.pstatic.net/image/origin/011/2024/06/26/4358095.jpg?type=ofullfill220_150,2024-06-26 08:01:16,"[서울경제] 대통령실이 26일 오전 북한이 동해상으로 탄도미사일을 발사한 직후 인성환 국가안보실 2차장 주재로 안보상황점검회의를 열고 상황을 점검했다.합동참모본부에 따르면 북한은 이날 오전 5시 30분께 평양 일대에서 동해상으로 미상 탄도미사일을 발사했다. 다만 합참은 “실패한 것으로 추정되며, 한미 정보 당국에서 추가 분석 중”이라고 밝혔다.북한의 탄도미사일 발사는 지난달 30일 이후 27일 만이다. 북한은 24∼25일 이틀 연속으로 대남 오물 풍선을 살포한 데 이어 이날 탄도미사일까지 발사하며 복합 도발 양상을 보이고 있다."
정치_대통령실,https://n.news.naver.com/mnews/article/421/0007624347,"대통령실, 北 동해상 탄도미사일 발사에 안보상황점검회의",뉴스1,https://mimgnews.pstatic.net/image/origin/421/2024/06/26/7624347.jpg?type=ofullfill220_150,2024-06-26 07:32:32,용산 대통령실 청사 전경. (뉴스1 DB) 2023.3.6/뉴스1(서울=뉴스1) 정지형 박응진 기자 = 대통령실은 26일 오전 북한이 동해상으로 탄도미사일을 발사한 것과 관련해 인성환 국가안보실 2차장 주재로 안보상황점검회의를 열었다고 밝혔다. 앞서 합동참모본부에 따르면 군은 북한이 이날 오전 5시 30분쯤 평양 일대에서 동해상으로 발사한 탄도미사일 1발을 포착했다.탄도미사일은 이날 함경북도 앞바다 무인도 '알섬' 방향으로 250여㎞를 비행하다 공중에서 폭발해 강원도 원산 앞바다에 낙하한 것으로 군은 파악하고 있는 것으로 전해진다.군은 탄도미사일이 고체연료 추진체계를 적용한 중거리급 탄도미사일(IRBM)일 가능성을 열어두고 있다.
정치_대통령실,https://n.news.naver.com/mnews/article/009/0005324784,"박정희·김영삼 이어 항모 올라탄 尹...“북러조약 시대착오적, 퇴행의 길 고집”",매일경제,https://mimgnews.pstatic.net/image/origin/009/2024/06/26/5324784.jpg?type=ofullfill220_150,2024-06-26 07:22:16,"尹, 6·25전쟁 74주년 행사 참석윤 대통령, 북러 밀착 첫 언급동토·비이성·역행 ‘센 어휘’ 써北 도발에 압도적 대응 천명해美항모 승선해 한미동맹 강조“우린 어떤 적도 물리쳐 승리”



 윤석열 대통령과 김건희 여사가 25일 오전 대구 엑스코에서 열린 6·25전쟁 74주년 기념식에 참석해 국기에 대한 경례를 하고 있다. [이승환 기자]윤석열 대통령이 최근 북한과 러시아 사이에 체결된 조약을 가리켜 “시대착오적”이라고 강력히 비판했다. 윤 대통령이 북러 조약에 대해 육성으로 평가를 내놓은 것은 이번이 처음이다. 윤 대통령은 또 미국 ‘시어도어 루즈벨트 항공모함’에 직접 승선해 북러 군사 협력에 대한 단호한 대응을 거듭 천명했다.25일 윤 대통령은 대구 엑스코에서 열린 6·25전쟁 제74주년 행사에 참석해 “북한은 퇴행의 길을 고집하며 지구상 마지막 동토로 남아 있다”며 “주민들의 참혹한 삶을 외면하고 동포들의 인권을 잔인하게 탄압하면서 정권의 안위에만 골몰하고 있다”고 북한 정권을 규탄했다.이어 “국제사회의 거듭된 경고에도 여전히 핵과 미사일 능력을 고도화하여 끊임없이 도발을 획책하고 있다”며 “최근에는 오물풍선 살포와 같이 비열하고 비이성적인 도발까지 서슴지 않고 있다”고 성토했다.특히 최근 북한과 러시아 사이에 체결된 군사 협력 조약에 대해서는 한층 목소리를 높였다. 윤 대통령은 “지난주에는 우크라이나 전쟁을 일으킨 러시아와 ‘포괄적인 전략적 동반자 관계에 관한 조약’을 맺고 유엔 안보리 결의를 정면으로 위반하는 군사, 경제적 협력 강화마저 약속했다”며 “역사의 진보에 역행하는 시대착오적 행동이 아닐 수 없다”고 부당성을 강조했다.우크라이나 전쟁 승리가 급한 러시아는 북한의 재래식 무기 지원을 필요로 하고 북한은 러시아의 고도의 군사기술을 탐내고 있다. 양국의 이해관계가 맞아떨어지면서 북한의 군사기술 고도화가 이뤄질 가능성에 대해 강한 우려를 표명한 것이다.



 윤석열 대통령이 25일 대구 엑스코에서 열린 6.25전쟁 74주년 기념식에 참석해 발언하고 있다. [이승환 기자]윤 대통령은 “우리 군은 어떠한 경우라도 북한이 대한민국을 감히 넘보지 못하도록 확고한 대비태세를 유지하고 북한의 도발에 압도적으로, 단호하게 대응할 것”이라고 말해 박수를 받았다. 또 “평화는 말로만 지키는 것이 아니다”라며 “강력한 힘과 철통같은 안보태세야말로 나라와 국민을 지키고 이 땅에 진정한 평화를 이룩하는 길”이라고 강조했다.윤 대통령은 이날 수류탄으로 적 전차를 파괴한 고 정정태 하사와 노량진 전투 당시 아군 진영에 잠입한 간첩을 체포한 고 구남태 상병의 유족에게 무공훈장을 직접 수여했다.윤 대통령과 부인 김건희 여사는 기념식 후 참전 용사들의 노고를 위로하는 오찬 행사도 가졌다.인사말을 통해서는 이동근·고석복·이하영·김춘원 용사 등의 이름을 한 명 한 명 부르며 “영웅들의 희생과 헌신을 모든 국민들이 영원히 기억하고, 영웅들께서 합당한 존중과 예우를 받는 보훈 문화를 확산해 나가는 데도 최선을 다하겠다”고 약속했다.윤 대통령은 이후 부산 해군작전기지를 방문해 정박 중인 미국 항공모함에 승선했다. 현직 대통령이 미국 항공모함에 승선한 것은 박정희 전 대통령, 김영삼 전 대통령에 이어 세 번째다.



 윤석열 대통령이 25일 오후 부산 해군작전기지에 정박 중인 미국 시어도어 루즈벨트 항공모함을 방문해 비행갑판을 시찰 후 아일랜드 앞에서 기념촬영을 하고 있다. (왼쪽부터 로즈 드레닝 11항모 비행단장, 강신철 연합사 부사령관, 신원식 국방부 장관, 크리스토퍼 알렉산더 9항모강습단장, 크리스토퍼 라네브 미 8군 사령관, 양용모 해군참모총장, 브라이언 스크럼 루즈벨트 함장, 최성혁 해작사령관) [사진 = 대통령실]윤 대통령은 갑판에서 항공모함 주력 전투기이자 영화 ‘탑건 매버릭’에 등장했던 F/A-18 등 함재기들과 전투기가 이착륙할 때 필요한 각종 장비에 대해 설명을 들었다. 이후 격납고로 이동해 한미 장병 300여 명을 격려했다.윤 대통령은 “이번 루즈벨트 항모 방한은 지난해 4월, 저와 바이든 대통령이 채택한 ‘워싱턴 선언’의 이행 조치”라면서 “강력한 확장억제를 포함한 미국의 철통같은 대한 방위공약을 상징하는 것”이라고 말했다. 이어 “한미동맹은 그 어느 때보다 굳건하며, 세계에서 가장 위대한 우리의 동맹은 그 어떠한 적도 물리쳐 승리할 수 있다”며 “루즈벨트함이 내일 한미일 3국 최초의 다영역 군사훈련인 ‘프리덤 에지’에 참가하기 위해 출항한다. 한미일 3국의 협력은, 한미동맹과 함께 또 하나의 강력한 억제 수단이 될 것”이라고 공언했다.한편 북한은 노동신문 사설에서 6·25전쟁을 ‘조선침략전쟁’으로 규정하며 자신들의 남침 사실을 부정했다. 북한은 사설에서 “적들(한·미)이 6·25의 교훈을 망각하고 제2의 조선침략전쟁을 도발하려 든다면 무자비한 징벌의 철추로 침략의 아성을 송두리째 없애버리려는 우리 인민의 신념은 확고부동하다”며 적반하장 식 논리를 펼쳤다. 또 “오늘 우리 조국은 자위의 무진막강한 억제력을 완벽히 갖춘 군사강국으로 위용 떨치고 있다”며 “미제와 한국 괴뢰 족속들이야말로 철저히 소멸해야 할 우리의 불변의 주적”이라고 주장했다."
정치_대통령실,https://n.news.naver.com/mnews/article/014/0005204411,"'尹대통령 탄핵' 몰아가나, 야권 주장에 한동훈 ""제가 당대표 되면...""",파이낸셜뉴스,https://mimgnews.pstatic.net/image/origin/014/2024/06/26/5204411.jpg?type=ofullfill220_150,2024-06-26 07:05:13,"윤석열 대통령과 한동훈 전 비상대책위원장. 대통령실 제공 [파이낸셜뉴스] 국민의힘 한동훈 전 비상대책위원장은 더불어민주당이 윤석열 대통령에 대한 탄핵 소추 추진을 거론하는 것에 대해 ""그런 식의 비정상적 임기 단축은 국민에 피해가 온다. 무책임한 정치 공세""라고 일축했다.   한 전 위원장은 지난 24일 서울 여의도 중앙당사에서 7·23 전당대회 당대표 후보로 등록한 후 ""윤석열 대통령이 성공한 대통령으로 남길 누구보다 바란다""라며 ""(윤석열 정부를) 지켜야 하고 그걸 지키는 방법으로서 저는 일해야 한다고 생각한다”고 밝혔다.   한 전 위원장은 같은 날 채널A와도 인터뷰를 갖고 윤 대통령에 대해 “오랫동안 봐왔던 분이고 박력 있는 리더”라며 “대단한 직관을 가진 분이라서 살아오면서 놀랄 일이 많이 있었다”고 했다.   이어 윤대통령과의 갈등설에 대해 “서로 오랫동안 지내오면서 생각이 다른 경우도, 같은 경우도 많이 있었는데 결국 토론하면서 해법을 찾아왔고 그 과정이 즐거웠다”고 덧붙였다.   한 전 위원장은 '반윤(반윤석열)계 후보로 불리는 것에 대해 동의하느냐'는 질문에는 “친소 관계를 기준으로 정치인의 계파를 나누는 것에 공감하지 않는다. 국민들 입장에서 무용한 분류”라며 “(제 계파를) 굳이 따지자면 친국이다. 친국민이고, 친국가이고, 친국민의힘”이라고 답했다.   또한 야권의 윤 대통령 탄핵 주장과 관련해선 “대단히 근거 없고 무책임한 얘기이고, 국민들의 혼란과 불안감을 가중시키는 얘기”라며 “그런 피해는 전부 국민들에게 돌아간다. 당대표가 되면 앞장서서 그런 무책임한 정치 공세를 막아낼 것”이라고 강조했다.   한 전 위원장은 '제3자 해병대원 특검법' 발의에 대한 당내 지적에 대해선 ""그동안에는 특검 찬성과 반대의 구도였다면 지금부터는 민주당이 정하는 특검을 할 것이냐, 제3자인 대법원장이 정하는 특검을 할 것이냐는 구도로 바뀌고 있다""며 ""후자가 합리적이다. 민주당이 이를 받지 않는다면 국민들께서 민주당의 진짜 의도가 진실 규명이 아닌 정쟁이었냐고 의심할 것""이라고 했다.   한 전 위원장은 이후 TV조선을 통해 '제3자 해병대원 특검법'을 선제적으로 발의하자고 제안한 이유를 밝혔다.   그는 ""윤 대통령 탄핵을 막기 위해서""라며 ""국민의힘이 정권 재창출을 반드시 해야 한다고 생각한다. 그런 일(탄핵)이 벌어졌을 때는 절대 정권 재창출이 불가능하다. 제가 누구보다 그걸 잘 알고 있고 누구보다도 그런 일을 막으려고 나서는 것""이라고 했다. #한동훈 #대통령탄핵 #당대표후보 #윤석열대통령 #국민의힘당대표"
정치_대통령실,https://n.news.naver.com/mnews/article/001/0014769461,"바이든·트럼프, 전세계 지도자 평균 연령보다 최소 16세 많아",연합뉴스,https://mimgnews.pstatic.net/image/origin/001/2024/06/26/14769461.jpg?type=ofullfill220_150,2024-06-26 06:48:33,"WP 분석…세계 지도자 평균 연령 62세, 최연소는 36세 부르키나파소 대통령



조 바이든 미국 대통령(좌)과 도널드 트럼프 전 대통령[로이터 연합뉴스 자료 사진. 재판매 및 DB 금지](워싱턴=연합뉴스) 김경희 특파원 = 조 바이든 미국 대통령과 도널드 트럼프 전 대통령 모두 전 세계 지도자들의 평균 연령을 크게 웃도는 것으로 나타났다.    25일(현지시간) 워싱턴포스트(WP)가 퓨리서치 센터 자료를 이용해 분석한 결과에 따르면, 세계 지도자들의 평균 연령은 62세로 각각 81세와 78세인 바이든 대통령과 트럼프 전 대통령에 한참 미치지 못한다.    아직 여든을 넘기지 않은 트럼프 전 대통령과 세계 평균 지도자들의 평균 나이 차는 16세, 11월20일 82번째 생일을 맞는 바이든 대통령은 거의 20세 가까운 차이를 기록했다.    오는 11월 대선에서 맞붙는 이들 전현직 대통령은 미국 역사상 가장 나이 든 양당 후보로, 누가 대통령에 당선되든 최고령 대통령이라는 새 역사를 쓰게 된다.     현재 세계에서 가장 젊은 대통령은 군정이 이어지고 있는 부르키나파소의 이브라힘 트라오레로 36세다.     최고령 통치자는 91세인 카메룬의 폴 비야 대통령이다.    바이든 대통령은 전 세계 지도자 가운데 9번째 고령 인사였다.    이탈리아를 비롯해 몬테네그로, 아일랜드 등 3개국은 각국 인구의 평균 연령보다 통치자 나이가 더 낮았다. WP는 ""세계적으로 지도자들의 나이가 자국민의 평균 연령을 웃도는 일은 놀랍지 않은 일""이라며 ""다만 유럽을 중심으로는 각각 46세인 에마뉘엘 마크롱 프랑스 대통령과 메테 프레데릭센 덴마크 총리, 37세인 사이먼 해리스 아일랜드 총리 등이 이 같은 추세를 거스르고 있다""고 지적했다.    미국만 놓고 보면 1950년 이후 미국인 평균 연령과 가장 큰 격차를 보인 대통령은 로널드 레이건이었다.    바이든 대통령이 현재로선 미국의 최고령 대통령이지만, 76세에 임기를 마친 레이건 전 대통령이 당시 미국인 평균 연령과 44.7세의 차이를 보여 바이든 전 대통령(42.7세)을 능가했다.    47세의 나이로 취임한 버락 오바마 전 대통령은 취임 첫 해 국민 평균 연령과 11.1세의 차이를 기록, 가장 근소한 격차를 보였다. WP는 세계 평균을 웃도는 연령은 백악관에만 국한되는 것은 아니라면서, 미국 연방의회 역시 전 세계 평균과 비교해 고령화가 심각하다고 덧붙였다.    현재 미 하원에서 40세 미만의 비중은 8.3%에 불과하며, 전체의 43.1%는 60세 이상으로 집계됐다.    이는 40세 미만 20.3%, 60세 이상 21.0%인 전 세계 평균과 확연한 대조를 보이는 수치다.  kyunghee@yna.co.kr"
정치_대통령실,https://n.news.naver.com/mnews/article/008/0005055504,"尹대통령, 러북 밀착에 '美 항공모함' 올랐다 ""위대한 동맹""",머니투데이,https://mimgnews.pstatic.net/image/origin/008/2024/06/26/5055504.jpg?type=ofullfill220_150,2024-06-26 05:33:00,"[the300]尹, 푸틴·김정은 보란듯 '美 항공모함' 승선 ""어떤 적도 승리""



[서울=뉴시스] 조수정 기자 = 윤석열 대통령이 25일 오후 부산 해군작전기지에 정박 중인 미국 시어도어 루즈벨트 항공모함을 방문, 루즈벨트함 비행갑판에서 장비를 시찰하고 있다. 맨 왼쪽은 크리스토퍼 라네브 미 8군 사령관, 왼쪽 두번째는 최병옥 국방비서관, 가운데부터 윤 대통령, 양용모 해군참모총장, 로즈 드레닝 11항모 비행단장, 크리스토퍼 알렉산더 9항모강습단장. (사진=대통령실 제공) 2024.06.25. photo@newsis.com *재판매 및 DB 금지 /사진=윤석열 대통령이 부산에 정박 중인 미국 항공모함을 전격 방문했다. 블라디미르 푸틴 러시아 대통령과 김정은 북한 노동당 총비서가 유사시 상호 군사적 지원 등을 포함한 조약을 맺으면서 한반도 안보 위기가 심화되는 가운데 강력한 한미동맹을 대내외에 과시한 것으로 풀이된다. 대통령실은 윤 대통령이 25일 오후 부산 해군작전기지에 정박 중인 미국 시어도어 루즈벨트 항공모함을 방문했다고 밝혔다. 현직 대통령이 미국 항공모함에 승선한 것은 1974년 박정희 전 대통령, 1994년 김영삼 전 대통령에 이어 세 번째다. 김수경 대통령실 대변인에 따르면 윤 대통령이 루즈벨트함에 승선하자 대통령의 승함을 알리는 종소리가 울렸고 임무에 따라 각기 다른 색의 옷을 입은 영송병의 구령과 함께 300여 명의 한미 장병들이 큰 환호성으로 맞았다. 윤 대통령은 군 주요 직위자와 함께 항공기 이동용 엘리베이터를 타고 비행 갑판으로 이동했다. 이어 비행 갑판에서 크리스토퍼 알렉산더 제9항모강습단장으로부터 항모의 주력 전투기인 'F/A-18' 등 함재기들과 전투기가 이착륙할 때 필요한 각종 장비에 대해 자세한 설명을 들었다. F/A-18은 영화 '탑건 매버릭'에 등장한 전투기이기도 하다. 이후 윤 대통령은 항공모함의 관제타워인 '아일랜드' 앞에서 우리 군 지휘관과 미8군사령관, 제9항모강습단장, 항모함장, 항모비행단장 등과 함께 기념촬영을 했다. 또 윤 대통령은 비행갑판 통제실로 이동해 항모비행단 관계자로부터 함재기 운용 현황에 대해서도 듣고 대화를 나눴다. 루즈벨트함 시찰을 마친 윤 대통령은 격납고로 이동해 한미 장병 300여 명을 격려했다. 



(서울=뉴스1) 송원영 기자 = 윤석열 대통령이 25일 오후 부산 해군작전기지에 정박 중인 미국 항공모함 시어도어 루즈벨트 항공모함을 방문,  관제타워인 '아일랜드' 앞에서 기념촬영을 하고 있다.   왼쪽부터 로즈 드레닝 11항모 비행단장, 강신철 연합사 부사령관, 신원식 국방부 장관, 크리스토퍼 알렉산더 9항모강습단장, 윤석열 대통령, 크리스토퍼 라네브 미 8군 사령관, 양용모 해군참모총장, 브라이언 스크럼 루즈벨트 함장, 최성혁 해작사령관. (대통령실 제공) 2024.6.25/뉴스1  Copyright (C) 뉴스1. Al /사진=(서울=뉴스1) 송원영 기자윤 대통령은 이 자리에서 ""이번 루즈벨트 항모 방한은 지난해 4월 저와 바이든 대통령이 채택한 '워싱턴선언'의 이행 조치""라며 ""강력한 확장억제(핵우산)를 포함한 미국의 철통같은 대한 방위공약을 상징하는 것""이라고 말했다. 워싱턴선언은 북한의 핵공격에 대한 미국의 핵무기 사용(핵보복) 방침을 명시하고 전략핵잠수함과 항공모함 등 최강의 미국 전략자산의 적극적인 한반도 전개 등을 약속하고 있다. 윤 대통령은 ""북한은 핵과 미사일 능력을 고도화하면서 핵 선제 사용 가능성을 공언하며 한반도와 역내 평화를 위협하고 있다""면서 ""한미동맹은 그 어느 때보다 굳건하며 세계에서 가장 위대한 우리의 동맹은 그 어떠한 적도 물리쳐 승리할 수 있다""고 말했다. 이어 ""루즈벨트함이 내일 한미일 3국 최초의 다영역 군사훈련인 '프리덤 에지'(Freedom Edge)에 참가하기 위해 출항한다""며 ""자유민주주의 가치를 공유하는 한미일 3국의 협력은 한미동맹과 함께 또 하나의 강력한 억제 수단이 될 것""이라고 밝혔다. 프리덤 에지 훈련은 한미일 3국의 북핵·미사일 위협 억제와 대응능력 강화를 위해 실시된다.  격려사를 마친 윤 대통령은 한미 장병들과 일일이 악수하고 등을 두드리며 격려했다. 한미 장병들은 윤 대통령이 격납고를 떠날 때까지 환호성을 보냈다. 



(서울=뉴스1) 송원영 기자 = 윤석열 대통령이 25일 오후 부산 해군작전기지에 정박 중인 미국 항공모함 시어도어 루즈벨트 항공모함을 방문,  비행갑판 통제실에서 브라이언 스크럼 루즈벨트 함장의 설명을 듣고있다. (대통령실 제공) 2024.6.25/뉴스1  Copyright (C) 뉴스1. All rights reserved. 무단 전재 및 재배포,  AI학습 이용 금지. /사진=(서울=뉴스1) 송원영 기자이날 행사에 우리 측에서는 신원식 국방부 장관, 양용모 해군참모총장, 강신철 한미연합사 부사령관, 최성혁 해군작전사령관 등이, 미국 측에서는 크리스토퍼 라네브 미8군사령관, 닐 코프라스키 주한미해군사령관, 크리스토퍼 알렉산더 제9항모강습단장 등이 참석했다. 대통령실에서는 장호진 국가안보실장, 인성환 국가안보실 2차장, 최병옥 국방비서관 등이 참석했다. 한편 윤 대통령은 6.25전쟁 74주년인 이날 대구에서 기념행사에 참석해 북한의 도발에 대한 강력한 대응 방침을 밝혔다. 윤 대통령은 ""북한은 국제사회의 거듭된 경고에도 여전히 핵과 미사일 능력을 고도화해 끊임없이 도발을 획책하고 있다. 최근에는 오물풍선 살포와 같이 비열하고 비이성적인 도발까지 서슴지 않고 있다""며 ""지난주에는 우크라이나 전쟁을 일으킨 러시아와 '포괄적인 전략적 동반자 관계에 관한 조약'을 맺고 유엔 안보리(안전보장이사회) 결의를 정면으로 위반하는 군사, 경제적 협력 강화마저 약속했다""고 비판했다.윤 대통령은 ""역사의 진보에 역행하는 시대착오적 행동이 아닐 수 없다""며 ""평화는 말로 지키는 것이 아니다. 강력한 힘과 철통같은 안보태세야말로 진정한 평화를 이룩하는 길""이라고 강조했다."
정치_대통령실,https://n.news.naver.com/mnews/article/079/0003909306,"6‧25 기념식 열린 대구 찾은 尹…""北에 단호히 대응"" 강조",노컷뉴스,https://mimgnews.pstatic.net/image/origin/079/2024/06/26/3909306.jpg?type=ofullfill220_150,2024-06-26 05:31:10,"국가보훈부 주관 행사 대구서 열려…尹 ""北에 확고한 대비 태세""""지역 거주 유공자들에게 감사 전하려""…보수 결집 포석 해석도



윤석열 대통령이 25일 대구 엑스코에서 열린 '6·25전쟁 제74주년 행사'에 참석해 기념사를 하고 있다. 연합뉴스윤석열 대통령이 25일 6‧25전쟁 제74주년 기념식이 열린 대구를 찾아 북한의 잇따른 도발과 북러 조약에 대해 ""시대착오적 퇴행의 길을 고집하고 있다""며 단호하게 비판했다. 윤석열 정부 들어 6‧25전쟁 기념식이 서울이 아닌 지역에서 개최된 건 처음이다. 그만큼 최근 북러 간 밀착에 따른 엄중한 한반도 정세를 감안한 것으로 풀이된다. ""압도적 대응""…北에 강경 메시지 쏟아낸 尹윤 대통령은 이날 대구 엑스코에서 열린 기념식에서 최근 북한이 ""시대착오적 퇴행의 길을 고집하고 있다""고 비판하면서 ""북한의 도발에 압도적으로, 단호하게 대응할 것""이라고 강조했다. 이어 ""정부는 북한의 도발과 위협에 맞서 대한민국의 자유민주주의와 우리 국민의 삶을 든든하게 지키겠다. 우리 군은 어떠한 경우라도 북한이 대한민국을 감히 넘보지 못하도록 확고한 대비 태세를 유지할 것""이라고 말했다. 그러면서 평화를 위한 '힘'과 한미동맹의 중요성을 재차 강조했다. 윤 대통령은 ""평화는 말로만 지키는 것이 아니다""라며 ""강력한 힘과 철통같은 안보태세야말로 나라와 국민을 지키고 이 땅에 진정한 평화를 이룩하는 길""이라고 강조했다. 그러면서 ""더 강력해진 한미동맹을 토대로 자유의 가치를 공유하는 국가들과 연대해 우리의 자유와 평화를 더욱 단단하게 지켜나갈 것""이라고 다짐했다. 이는 최근 북한의 움직임과 관련해 강경 메시지를 쏟아내던 입장의 연장선으로 풀이된다. 앞서 대통령실은 북한의 잇따른 오물풍선 살포에 대북 확성기 방송 재개로 맞선 데 이어, 지난 20일 오전 공개된 '러‧북조약'의 세부 내용을 공개적으로 규탄하고 우크라이나에 대한 무기 지원 재검토 카드까지 꺼내 들었다. 윤 대통령은 전날 수석비서관회의를 통해서도 ""한반도를 둘러싼 안보 상황이 엄중하므로 안보 태세에 만전을 기하라""란 메시지를 전했다. 



윤석열 대통령과 김건희 여사가 25일 대구 엑스코에서 열린 '6·25전쟁 제74주년 행사'에서 6·25의 노래를 부르며 태극기를 흔들고 있다. 연합뉴스""TK, 6‧25 전환점 된 곳""…'보수 결집' 해석도윤 대통령이 재임 이래 처음으로 참석한 6‧25전쟁 기념식 정부 행사가 대구에서 열렸다는 점에서도 주목받고 있다. 윤석열 정부 들어 서울이 아닌 지역에서 중앙정부(국가보훈부)가 주관하는 6‧25전쟁 기념식이 열린 것도, 윤 대통령이 직접 참석한 것도 처음이란 게 대통령실의 설명이다. 앞서 2022~2023년 6‧25전쟁 기념식(72‧73주년)은 서울 장충체육관에서 열렸고, 정부 대표로 한덕수 국무총리가 참석했다. 대통령실은 이에 대해 ""6‧25전쟁의 전환점이 된 다부동·영천·포항 전투 등 대구·경북지역 전투를 집중 조명하고, 지방에 거주하는 참전유공자를 대통령이 찾아뵙고 감사의 마음을 전하기 위해 대구에서 개최된 것""이라고 설명했다. 이 과정에서 대구를 택한 행보가 '보수 결집'을 위한 포석이란 해석이 나오기도 했다. 윤 대통령은 이날 기념식 행사가 끝난 뒤 부산 해군작전기지에 정박 중인 미국 루즈벨트 항공모함을 방문해 북한의 위협을 언급하고 한미동맹의 굳건함을 강조하기도 했다. 윤 대통령은 ""북한은 핵과 미사일 능력을 고도화하면서 핵 선제 사용 가능성을 공언하며 한반도와 역내 평화를 위협하고 있다""며 ""한미동맹은 그 어느 때보다 굳건하며, 세계에서 가장 위대한 우리의 동맹은 그 어떠한 적도 물리쳐 승리할 수 있다""고 말했다. 다만 대통령실 고위 관계자는 ""그간 서울을 중심으로 했던 6‧25전쟁 정부 기념식을 의미가 있는 지역으로 넓혀보자는 취지였고, 6‧25전쟁 당시 반격의 토대가 마련됐던 다부동전투 등이 있었던 대구‧경북지역이 그 첫 장소가 된 것""이라며 ""앞으로도 국가보훈부가 주관하는 6‧25전쟁 기념식은 서울 외에도 여러 지역을 대상으로 하게 될 것""이라고 설명했다.※CBS노컷뉴스는 여러분의 제보로 함께 세상을 바꿉니다. 각종 비리와 부당대우, 사건사고와 미담 등 모든 얘깃거리를 알려주세요.이메일 : jebo@cbs.co.kr카카오톡 : @노컷뉴스사이트 : https://url.kr/b71afn"
정치_대통령실,https://n.news.naver.com/mnews/article/001/0014769325,"美 뉴욕법원, 대선후보 토론 앞두고 트럼프 '함구령' 일부 완화",연합뉴스,https://mimgnews.pstatic.net/image/origin/001/2024/06/26/14769325.jpg?type=ofullfill220_150,2024-06-26 05:18:21,"검사·검사 친척 관련 비방 금지 명령은 유지…트럼프, 크게 반발(뉴욕=연합뉴스) 이지헌 특파원 = 도널드 트럼프 전 대통령에게 증인이나 배심원을 비방하지 말라고 함구령을 내렸던 '성추문 입막음 돈' 의혹 사건의 담당 판사가 미국 대선후보 TV 토론을 이틀 앞두고 함구령을 완화했다.    뉴욕 맨해튼 형사법원의 후안 머천 판사는 25일(현지시간) 입막음 돈 의혹 사건 관련 증인과 배심원에 대해 공개적으로 비방하지 말도록 한 함구령을 해제했다고 뉴욕타임스(NYT)가 보도했다.     다만, 머천 판사는 재판과 관련한 업무를 방해할 목적으로 검사 또는 그들의 친척에 관해 언급하는 것을 금지한 명령은 오는 7월 11일 형량 선고 때까지 효력을 유지하기로 했다.    또한 배심원 관련 정보의 공개 금지 역시 추후 공지가 있을 때까지 유효하다고 결정했다.    머천 판사는 지난 3월 트럼프 전 대통령에게 재판과 관련된 증인과 검사, 법원 직원, 배심원 등을 비방하지 못하도록 명령한 바 있다.    이에 대해 트럼프 전 대통령 측은 함구령은 언론의 자유를 보장한 수정헌법 제1조에 따른 트럼프 전 대통령의 권리를 중대하게 침해하는 위헌적인 발상이라고 강력히 반발해왔다.    트럼프 전 대통령은 재판 도중 함구령을 여러 차례 위반하면서 머천 판사로부터 벌금형과 함께 추가 위반 시 구금될 수 있다는 경고를 받기도 했다.    앞서 뉴욕 맨해튼 주민 12명으로 구성된 배심원단은 지난달 30일 성추문 입막음돈 지급 의혹과 관련, 트럼프 전 대통령이 받는 34개 범죄혐의에 대해 모두 유죄라고 판단했다.    트럼프 전 대통령은 전직 성인영화 배우 스토미 대니얼스의 성관계 폭로를 막기 위해 마이클 코언을 통해 13만 달러(약 1억8천만원)를 지급한 뒤 해당 비용을 법률 자문비인 것처럼 위장해 회사 기록을 조작한 혐의로 재판에 넘겨졌다.    유죄 평결 이후에도 머천 판사는 트럼프 전 대통령에게 부여한 함구령을 유지해왔다.    한편 트럼프 전 대통령 측은 이날 머천 판사가 모든 함구령을 해제하지 않았다며 크게 반발했다.    트럼프 선거 캠프의 스티븐 청 대변인은 ""이번 결정은 재판 관련 이해관계 충돌 문제를 가진 판사에 의한 또 다른 불법적인 결정""이라며 ""27일 대선 토론을 앞두고 유력 후보의 입에 재갈을 물리는 것은 매우 '비미국적'이다""라고 비판했다.



유세 중인 트럼프 전 대통령[AP 연합뉴스 자료사진] pan@yna.co.kr"
정치_대통령실,https://n.news.naver.com/mnews/article/014/0005204385,"6.25기념일에 美핵항모 오른 尹, 행동으로 러·북에 '경고'",파이낸셜뉴스,https://mimgnews.pstatic.net/image/origin/014/2024/06/26/5204385.jpg?type=ofullfill220_150,2024-06-26 05:01:16,"오전 대구서 6.25전쟁 74주년 기념식 참석오후 부산서 美 핵추진 항공모함 승선윤 대통령, 러북 군사협력에 ""시대착오적 행동""美항모에선 ""한미동맹, 어떤 적도 물리친다""6.25 전쟁 기념일 행보로 강력한 대북 메시지 



윤석열 대통령이 25일 오후 부산 해군작전기지에 정박 중인 미국 항공모함 시어도어 루즈벨트 항공모함을 방문, 격납고에서 한·미장병들에게 격려의 말을 하고 있다. (대통령실 제공) /사진=뉴스1화상 [파이낸셜뉴스] 윤석열 대통령이 6.25전쟁 제74주년을 맞은 25일, 대구와 부산에서 광폭 행보를 펼치며 북한에 강력한 경고 메시지를 행동으로 보여줬다.   이날 오전 윤 대통령은 6.25 전쟁 당시 전세를 뒤집은 계기를 만들었던 대구에서 열린 6.25 기념식에 참석, 러시아와 북한간 군사 협력 조약 체결을 ""역사의 진보에 역행하는 시대착오적 행동""이라고 비판했다.   오후 바로 부산으로 이동해 미국 핵추진 항공모함 시어도어 루즈벨트함에 승선한 윤 대통령은 ""한미동맹은 그 어느 때보다 굳건하며 세계에서 가장 위대한 우리의 동맹은 그 어떠한 적도 물리쳐 승리할 수 있다""고 목소리를 높였다.   북한이 핵·미사일 고도화 시도와 잇따른 도발로 한반도 긴장감을 높이는 상황에서 윤 대통령은 6.25 기념식을 지방에서 열어 6.25 전쟁 의미를 환기시켰다.   아울러 역대 대한민국 대통령으로선 세번째 미 핵항공모함 승선으로 한미동맹을 통한 대북 억제 강화 의지를 부각시키기도 했다.   특히 한미일 3국이 북핵·미사일 위협 억제와 대응능력 강화를 위해 프리덤 에지 훈련(Freedom Edge)을 함께 하는 상황에서 윤 대통령은 '한미일 3국 협력'이 '한미동맹' 외 또 다른 강력한 대북 억제수단이 될 것으로 자신했다.     ■한미 장병 300여명, 尹 환호로 맞아  윤 대통령은 루즈벨트 항공모함을 방문한 자리에서 ""이번 루즈벨트 항모 방한은 지난해 4월, 저와 바이든 대통령이 채택한 '워싱턴선언'의 이행 조치""라면서 ""강력한 확장억제를 포함한 미국의 철통같은 대한 방위공약을 상징하는 것""이라고 설명했다고 김수경 대통령실 대변인이 서면 브리핑을 통해 전했다.   루즈벨트함이 26일 한미일 3국 최초의 다영역 군사훈련 '프리덤 에지' 참가를 위해 출항하는 것을 직접 언급한 윤 대통령은 '한미동맹'과 함께 '한미일 3국 협력'을 강조하면서 러북 군사협력 움직임을 무력화시킬 수 있음을 내비쳤다.   윤 대통령이 루즈벨트함에 승선하자, 대통령의 승함을 알리는 종소리가 울렸고, 이후 임무에 따라 각기 다른 색의 옷을 입은 영송병의 구령과 함께 300여 명의 한미 장병들이 큰 환호성으로 대통령을 맞았다.   윤 대통령은 군 주요 직위자와 함께 항공기 이동용 엘리베이터를 타고 비행 갑판으로 이동, 비행 갑판에서 크리스토퍼 알렉산더 제9항모강습단장으로부터 항모의 주력 전투기인 FA-18을 비롯한 각종 장비에 대해 자세한 설명을 들었다. FA-18은 영화 '탑건 매버릭'에 등장한 전투기이기도 하다.   루즈벨트 항공모함에는 항공기 90여 대 탑재가 가능하다. 항공모함 외에도 순양함 1~2척, 구축함 2~3척이 함께 해 항공모함에 대함·대공·대잠방어 기능을 제공한다. 아울러 핵추진잠수함 1~2척도 같이 움직인다.    



윤석열 대통령과 부인 김건희 여사가 25일 대구 북구 엑스코에서 열린 6·25전쟁 74주년 행사에서 6·25의 노래를 제창하고 있다. (사진=대통령실 제공) /사진=뉴시스   ■""자유 가치 공유 국가들과 더 연대""  앞서 윤 대통령은 대구 엑스코에서 개최된 '6.25전쟁 제74주년 행사'에 참석해 기념사에서 ""자유의 가치를 공유하는 국가들과 연대해 우리의 자유와 평화를 더욱 단단하게 지켜나갈 것""이라고 강조했다.   굳건한 한미동맹을 제시한 것으로 윤 대통령은 6.25 전쟁 이후 자유와 번영의 길을 달려온 남한과 달리, 북한은 퇴행의 길을 걷고 있음을 부각시키면서 ""평화는 말로 지키는 것이 아니다""라고 거듭 밝혔다.   윤 대통령은 ""강력한 힘과 철통같은 안보태세야말로 나라와 국민을 지키고, 이 땅에 진정한 평화를 이룩하는 길""이라면서 ""우리가 더 강해지고 하나로 똘똘 뭉치면, 자유와 번영의 통일 대한민국도, 결코 먼 미래만은 아닐 것""이라고 말했다.   윤 대통령이 이같이 '통일 대한민국'을 다시 언급한 것은 대한민국 체제의 우월성을 강조하는 동시에, 대북 강경기조를 일관되게 드러내면서 북한의 도발 의지를 꺾기 위한 의도로 풀이된다.   이같은 경고 속에 북한이 이날 대남 오물풍선 살포에 다시 나서자, 윤 대통령의 언급대로 우리 정부는 서북도서 포 사격 훈련 재개 등으로 실질적인 압박에 돌입한다."
정치_대통령실,https://n.news.naver.com/mnews/article/025/0003369252,"[단독] 과기부 장관에 박성중, 국무조정실장엔 김완섭 거론",중앙일보,https://mimgnews.pstatic.net/image/origin/025/2024/06/26/3369252.jpg?type=ofullfill220_150,2024-06-26 05:00:04,"차기 과학기술정보통신부 장관 후보자로 박성중 전 국민의힘 의원이 검증받고 있다고 25일 여권 고위 관계자가 전했다. 이 관계자는 중앙일보와의 통화에서 “박 전 의원이 과기부 장관 후보군으로 최근 부상했다”며 “우선 순위로 검증받고 있지만, 최종 낙점 단계에 이른 상태는 아니다”고 했다. 또 다른 대통령실 관계자는 “새 과기부 장관은 교수나 관료 출신보다 정무형 인사를 중심으로 살펴보고 있다”고만 말했다. 재선(20·21대) 의원 출신인 박 전 의원은 윤석열 정부 대통령직 인수위원회에서 과학기술교육분과 간사를 지냈고, 21대 국회 후반기 과방위 국민의힘 간사를 역임했다.      다만 박 전 의원의 전문성이 변수로 꼽힌다. 과학기술계가 반발할 가능성이 있기 때문이다. 한 과학계 인사는 “의원 시절 관련 상임위 등에서 일했다고는 하지만 행시 출신인 박 전 의원의 이력을 보면 서울시 공무원, 서초구청장 등 행정 전문가에 가깝다”며 “R&D(연구·개발) 삭감 논란 등 과학계의 우려를 불식시키기 위해서는 과학계를 속속들이 잘 아는 인사가 필요하다”고 말했다.       



박성중 전 국민의힘 의원이 2023년 12월 11일 국회에서 브리핑을 하고 있다. 김성룡 기자       윤석열 대통령은 지난달 9일 취임 2주년 기자회견에서 “정부 출범 후 2년간 장관직을 맡은 분들”을 개각 대상으로 언급했다. 이종호 과기부, 한화진 환경부, 이정식 고용노동부 장관이 해당한다. 여권 고위 관계자는 “의료개혁 이슈를 끌고 가는 조규홍 보건복지부 장관이나 화성 화재 사건 등을 책임지는 이상민 행정안전부 장관 등은 6~7월에 교체할 가능성이 낮다”고 전했다. 대통령실 관계자는 “국면전환용으로 한꺼번에 개각하기보다는 7월부터 교체 필요성이 있는 부처를 시작으로 순차적으로 개각하는 쪽에 무게를 두고 있다”고 전했다.      장관급인 방기선 국무조정실장도 검증 대상에 포함됐다. 여권 관계자는 “방 실장도 개각 자원으로 검증 중”이라며 “이동 부처 등을 말할 단계는 아니다”고 전했다. 후임 국무조정실장으로는 김완섭 전 기획재정부 2차관 등이 거론되고 있다. 취임 2년이 다 돼 가는 한기정 공정거래위원장과 김주현 금융위원장도 교체할 가능성이 크다. 한 위원장 후임으로는 윤수현 소비자원 원장과 조홍선 공정위 부위원장이, 김 위원장 후임으로는 김소영 금융위 부위원장과 김태현 국민연금이사장이 각각 하마평에 오르내리고 있다."
정치_대통령실,https://n.news.naver.com/mnews/article/003/0012628806,[오늘의 주요일정]정치(6월26일 수요일),뉴시스,,2024-06-26 05:00:00,"[서울=뉴시스] ◇대통령실【대통령】 통상일정◇총리실【총리】 09:30 국제개발협력위원회(정부서울청사) 11:00 출입기자단 백브리핑(정부서울청사) 15:00 건설의날 기념식(서울시 강남구 건설회관)◇국방부【장관】 내부집무◇외교부【장관】 통상일정 ◇통일부【장관】 07:30 제14차 수요포럼 주재 11:00 제24기 통일교육위원 회장단 출범식 인사말씀(코리아나 호텔 21층 사파이어룸)◇국민의힘【비상대책위원장】 08:30 경향신문 주최 <2024 경향포럼>(롯데호텔 서울 2층 크리스탈볼룸, 서울 중구 을지로 30) 10:00 CBS 주최 <2024 대한민국 인구포럼 in 국회>(국회 의원회관 대회의실) 11:00 백범 김구 선생 제75주기 추모식(백범김구기념관 대회의실, 서울 용산구 임정로 26) 14:30 (사)전국지역신문협회 주최 <제21회 지역신문의 날 기념식> (한국프레스센터 20층 국제회의장, 서울 중구 세종대로 124) 17:30 글로벌혁신연구원 개원기념 행사 및 출판기념회(더케이호텔서울 3층 크리스탈볼룸, 서울 서초구 바우뫼로12길 70)◇더불어민주당【당대표 직무대행】08:30 2024 경향포럼(롯데호텔 서울 2층 크리스탈볼룸) 09:30 최고위원회의(국회 본청 당대표회의실) 10:00 2024 대한민국 인구포럼(국회 의원회관 대회의실) 11:00 백범 김구 선생 제75주기 추모식(백범김구기념관 대회의실) 14:30 김대중의 성평등 함께 여는 미래(국회박물관 2층 대강당) 17:00 글로벌혁신연구원 개원기념 행사 및 출판기념회(더케이호텔 서울 3층 크리스탈볼룸)◇조국혁신당【당대표】09:30 최고위원회의(국회 본관 316호) 11:00 백범 김구 선생 제75주기 추모식(백범김구기념관 대회의실) 14:00 검찰개혁 4법 발표 기자회견(국회 소통관) 【원내대표】08:00 경향포럼(소공동 롯데호텔) 09:30 최고위원회의(국회 본관 316호) 10:00 CBS 인구포럼(국회 의원회관 대회의실) 14:00 검찰개혁 4법 기자간담회(국회 소통관)◇개혁신당【당대표】08:00 경향신문 ‘2024 경향포럼’(서울 소공동 롯데호텔 2층 크리스탈볼룸) 09:30 최고위원회의(개혁신당 대회의실, 국회 본청 170호) 10:00 2024 대한민국 인구포럼 in 국회 축사(의원회관 대회의실) 【원내대표】07:30 BBS 아침저널 출연 09:30 최고위원회의(개혁신당 대회의실, 국회 본청 170호) 10:00 2024 대한민국 인구포럼 in 국회 참석 및 정책발표(의원회관 대회의실) 15:00 2024년 건설의날 행사 참석(건설회관 2층 CG아트홀, 강남구 언주로 711)◇진보당【상임대표】06:30 폭염 현장방문(금천우체국) 【원내대표】06:30 폭염 현장방문(금천우체국) 10:30 폭염 현장방문(마곡지구 건설현장, 강서구 마곡동 747-1. 이수건설 현장) 14:00 공공재생에너지 국회세미나(이룸센터, 한국능률협회 10층) 15:00 주거정책 세미나(윤종오 의원실 의원회관 428호)"
정치_대통령실,https://n.news.naver.com/mnews/article/020/0003572649,尹 “北-러 조약 시대착오적… 유엔 결의 위반” 정면비판,동아일보,https://mimgnews.pstatic.net/image/origin/020/2024/06/26/3572649.jpg?type=ofullfill220_150,2024-06-26 03:01:23,"6·25 74주년… 美항모 직접 승선윤석열 대통령이 6·25전쟁 74주년인 25일 “북한이 최근 오물 풍선 살포와 같이 비열하고 비이성적인 도발까지 서슴지 않고, 러시아와 유엔 안전보장이사회 결의를 정면 위반하는 조약을 맺고 군사·경제적 협력 강화를 약속했다”며 “역사의 진보에 역행하는 시대착오적 행동”이라고 정면 비판했다. 윤 대통령이 19일 북-러가 체결한 ‘포괄적 전략적 동반자 관계에 관한 조약’에 대한 입장을 표명한 것은 처음이다. 윤 대통령은 이날 대구 북구 엑스코에서 열린 6·25전쟁 74주년 행사에 참석해 “우리가 자유와 번영의 길을 달려올 때 북한은 퇴행의 길을 고집하며 지구상의 마지막 동토로 남아 있다”며 이같이 말했다. 6·25전쟁 정부 행사가 지방에서 개최된 것은 처음이다. 대구는 전쟁 초기 33일 동안 임시수도였다. 



尹, 박정희-김영삼 이어 역대 세번째 美항모 승선 윤석열 대통령이 6·25전쟁 74주년인 25일 오후 부산 해군작전기지에 정박 중인 미국 시어도어 루스벨트 항공모함에 승선해  브라이언 스크럼 루스벨트 함장으로부터 설명을 듣고 있다. 현직 대통령의 미 항공모함 승선은 30년 만이다. 대통령실 제공윤 대통령은 이날 오후엔 부산 해군작전기지에 정박 중인 미국 시어도어 루스벨트 항공모함에 직접 승선해 “북한은 핵과 미사일 능력을 고도화하면서 핵 선제 사용 가능성을 공언하며 한반도와 역내 평화를 위협하고 있다”고 비판했다. 현직 대통령의 미 항공모함 승선은 박정희(1974년), 김영삼(1994년) 전 대통령에 이어 세 번째이자 30년 만에 처음이다.尹 “평화는 말이 아닌 강력한 힘으로 이룩해야”대구서 6·25 74주년 행사美항모 올라 “美 철통 방위공약 상징”野 “힘에 의한 평화는 헛된 구호” 비판“루스벨트 항공모함의 방한은 강력한 확장억제를 포함한 미국의 철통같은 대한(對韓) 방위공약의 상징이다.” 25일 부산 해군작전기지에 정박 중인 미국 시어도어 루스벨트 항공모함에 승선한 윤석열 대통령은 “루스벨트함이 내일 한미일 3국 최초의 다영역 군사훈련인 ‘프리덤 에지(Freedom Edge)’에 참가하기 위해 출항한다”며 이같이 강조했다. 현직 대통령의 미 항공모함 승선은 30년 만에 처음이다. 윤 대통령은 또 “한미동맹은 그 어느 때보다 굳건하며, 세계에서 가장 위대한 우리 동맹은 그 어떠한 적도 물리쳐 승리할 수 있다”며 “자유민주주의 가치를 공유하는 한미일 3국의 협력은 한미동맹과 함께 또 하나의 강력한 억제 수단이 될 것”이라고 힘주어 말했다. 북-러의 포괄적 전략적 동반자 관계 조약 체결에 맞서 강력한 한미동맹과 한미일 3국 협력을 강조하며 북핵, 미사일 위협에 단호히 대처할 뜻을 강조한 것으로 풀이된다. 윤 대통령은 비행 갑판에서 크리스토퍼 알렉산더 제9항모강습단장으로부터 항모 주력 전투기인 FA-18 등 함재기 등에 대한 설명을 들었다. FA-18은 영화 ‘탑건: 매버릭’에 등장한 전투기이기도 하다. 윤 대통령은 ‘프리덤 에지’에 참여하는 한미 장병들에게 “건강하게 훈련을 잘 마치길 바란다”고 당부했다.  미 항모 승선에 앞서 대구 엑스코에서 개최된 ‘6·25전쟁 제74주년 행사’에 참석한 윤 대통령은 6·25전쟁에 대해 “북한 정권이 적화통일의 야욕에 사로잡혀 일으킨 돌이킬 수 없는 참극”이라고 말했다. 또 “평화는 말로 지키는 것이 아니라 강력한 힘과 철통같은 안보태세가 진정한 평화를 이룩하는 길”이라고 덧붙였다. 윤 대통령의 대구 방문은 20일 민생토론회 참석을 계기로 한 영남대 방문에 이어 5일 만이다. 윤 대통령은 “(낙동강 방어선의) 결정적 승리가 한국이 절체절명의 위기를 극복하고 다시 일어서는 전환점이 됐다”고 평가했다. 더불어민주당 최민석 대변인은 “윤석열 정부는 북한과 강 대 강 대치만을 이어가며 한반도를 군사적 긴장 속에 스스로 밀어 넣고 있다”며 “오물 풍선과 북-러 협약, 북한의 군사분계선(MDL) 침범 등 반복되는 위협과 군사 도발은 윤 대통령이 강조하는 ‘힘에 의한 평화’가 헛된 구호라는 증거”라고 했다."
정치_대통령실,https://n.news.naver.com/mnews/article/005/0001706268,尹 “북·러조약 시대착오적… 오물풍선 비열·비이성적 도발”,국민일보,https://mimgnews.pstatic.net/image/origin/005/2024/06/26/1706268.jpg?type=ofullfill220_150,2024-06-26 02:08:08,"6·25전쟁 74주년 기념식 참석美 핵항모 올라 “한·미동맹 굳건”北, 이틀 연속 오물풍선… 6번째



윤석열 대통령이 25일 부산 해군작전기지에 정박 중인 미 해군의 핵추진 항공모함 시어도어 루스벨트함을 방문해 크리스토퍼 알렉산더(왼쪽) 제9항모강습단장의 설명을 들으며 비행갑판으로 이동하고 있다. 대통령실 제공윤석열 대통령은 25일 북한과 러시아가 최근 포괄적 전략 동반자 조약을 체결한 것을 두고 “유엔 안전보장이사회 결의를 정면으로 위반한 것”이라며 “역사의 진보에 역행하는 시대착오적 행동을 하고 있다”고 비판했다. 윤 대통령은 이날 미 해군 핵추진항공모함 시어도어 루스벨트함에 올라 “한·미동맹은 그 어느 때보다 굳건하다”고 강조했다. 현직 대통령이 미 항공모함에 승선한 건 1994년 이후 30년 만이다. 군사동맹에 준하는 조약을 맺고 밀착 중인 북·러에 경고 메시지를 보낸 것으로 풀이된다.윤 대통령은 이날 대구 북구 엑스코에서 열린 6·25전쟁 74주년 기념식에 참석해 “우리가 자유와 번영의 길을 달려올 때 북한은 퇴행의 길을 고집하며 지구상의 마지막 동토로 남아 있다”며 이같이 말했다. 윤 대통령이 지난 19일 체결된 북·러 조약에 대한 입장을 공개적으로 밝힌 건 처음이다.정부는 올해부터 6·25 기념식을 비수도권 지역에서 열기로 했고, 첫 행사지로 ‘낙동강 방어선’을 구축했던 대구를 선정했다. 윤 대통령은 “대구는 전쟁 초기 33일 동안 임시수도로서 대한민국을 지탱했던 곳”이라고 의미를 부여했다.윤 대통령은 기념사에서 사실상 김정은 북한 국무위원장을 겨냥해 “주민들의 참혹한 삶은 외면하고 동포들의 인권을 잔인하게 탄압하면서 정권의 안위에만 골몰하고 있다”며 “국제사회의 거듭된 경고에도 핵과 미사일 능력을 고도화하며 끊임없이 도발을 획책하고 있다”고 지적했다. 또 북한의 잇따른 오물풍선 살포 행위에 대해 “비열하고 비이성적인 도발”이라고 날을 세웠다. 이어 “평화는 말로 지키는 것이 아니라 강력한 힘과 철통같은 안보태세가 진정한 평화를 이룩하는 길”이라고 강조했다.윤 대통령은 이어 부산 해군작전기지에 정박 중인 루스벨트함도 찾았다. 루스벨트함은 지난 22일 국내에 입항했다. 한국 대통령의 미 항공모함 승선은 1974년 박정희 전 대통령, 1994년 김영삼 전 대통령에 이어 세 번째다.윤 대통령은 “이번 루스벨트 항모 방한은 지난해 4월 저와 조 바이든 대통령이 채택한 ‘워싱턴선언’의 이행 조치”라며 “강력한 확장억제를 포함한 미국의 철통같은 대한 방위공약을 상징하는 것”이라고 밝혔다.윤 대통령은 또 “루스벨트함이 내일(26일) 한·미·일 3국 최초의 다영역 군사훈련인 ‘프리덤 에지(Freedom Edge)’에 참가하기 위해 출항한다”고 밝혔다. 그러면서 “자유민주주의 가치를 공유하는 한·미·일 3국의 협력은 한·미동맹과 함께 또 하나의 강력한 억제 수단이 될 것”이라고 강조했다.한편 북한은 이틀 연속 대남 오물풍선을 살포했다. 북한의 오물풍선 살포는 올해 들어 6번째다. 북한은 전날 밤에도 오물풍선 350여개를 살포해 경기 북부와 서울 등 남측 지역에 100여개가 떨어졌다."
정치_대통령실,https://n.news.naver.com/mnews/article/119/0002843652,"한 총리 ""세심하게 챙겨라""…화성 화재 재발 방지 '범정부 민관TF' 구성",데일리안,https://mimgnews.pstatic.net/image/origin/119/2024/06/26/2843652.jpg?type=ofullfill220_150,2024-06-26 01:00:09,"""불의의 사고로 희생된 분들께 깊은 애도의 뜻""""철저한 사고 원인 규명…보상도 소홀함 없도록""



한덕수 국무총리가 24일 경기도 화성시 리튬전지 제조 공장 화재현장을 살펴보고 있다. ⓒ국무총리실[데일리안 = 김희정 기자] 정부가 경기 화성 리튬전지 생산공장에서 발생한 화재 참사를 반복하지 않기 위해 재발방지대책 마련에 나섰다. 관계부처는 철저한 사고 원인 규명에 나서는 한편, 민간전문가가 포함된 범정부 태스크포스(TF)를 구성해 근본적인 개선방안을 마련한다.한덕수 국무총리는 25일 서울 종로구 정부서울청사에서 국무회의를 주재하며, 화성 화재 참사에 대해 ""불의의 사고로 희생된 분들께 깊은 애도의 뜻을 표하며, 부상자와 그 가족들께도 위로의 말씀을 드린다""고 말했다.이어 ""행정안전부 등 관계부처는 철저한 사고 원인 규명과 함께 희생자와 유가족들에 대해 정부 차원에서 필요한 조치를 즉각 시행해 주시기 바란다""며 ""특히 외국인 노동자들의 희생이 컸던 만큼 외교부 등에서는 신속한 희생자 신원 확인과 함께 관련 국가 공관 등과 협조 체계를 구축해, 상황 안내부터 부상자 치료와 희생자 장례, 피해 보상까지 모든 과정에 소홀함이 없도록 세심하게 챙겨 주시기 바란다""고 지시했다.한 총리는 ""고용부·산업부·소방청 등은 산업시설에 대한 긴급 안전 점검을 실시해, 사고가 우려되는 부분에 대해 즉각적인 보완 조치를 해주시기 바란다""며 ""모든 안전 관련 공직자들은 유사한 안전사고가 재발하지 않도록 보다 높은 긴장감과 치밀한 업무 자세를 유지해 주길 바란다""고도 했다.정부는 관계부처와 민간전문가 합동으로 TF도 구성키로 했다. 화성 공장화재 중앙재난안전대책본부(중대본) 본부장인 이상민 행정안전부 장관은 이날 정부서울청사에서 열린 중대본 회의 모두발언에서 ""불의의 사고로 희생되신 분들의 명복을 빌며 깊은 애도의 뜻을 표한다""며 이같이 밝혔다.이 본부장은 화재 당일 윤석열 대통령이 사고 현장을 방문한 것을 언급하며 ""대통령께서 화재 원인의 철저한 정밀 감식과 함께 기존 소화기나 소화전으로 진화가 어려운 경우 대체 진화수단을 강구하고, 화학물질 적재 방법과 위치, 화재시 대피요령 등을 고려한 종합적인 대책을 마련하라고 지시했다""고 전했다.이어 ""행안부는 재발방지 대책 수립을 총괄하고 고용부·산업부·환경부·과기부 등 8개 부처 합동으로 유사시설에 대한 안전점검과 외국인 화재안전교육을 강화하며, 리튬전지와 같은 화학물질에 대한 소화약제를 새롭게 개발할 예정""이라고 했다.이 본부장은 ""경기도와 화성시는 피해자별로 일대일 전담공무원을 배치해 사망자의 신원이 추가 확인되는 대로 유가족분들께 신속히 알려주고, 구호비 지원과 심리 회복, 장례비 지원 등 피해자 치료와 유가족 지원에 소홀함이 없도록 최선을 다해달라""고 당부했다. 또한 ""외교부는 외국인 사망자 유가족분들의 불편함이 없도록 각국의 주한대사관 등과 적극 협력해 본국 송환 절차 간소화 방안을 적극 검토해달라""고 요청했다."
정치_대통령실,https://n.news.naver.com/mnews/article/119/0002843651,"尹, 대구서 '북러 조약' 맹폭 후 부산서 美 루즈벨트 항공모함 승선",데일리안,https://mimgnews.pstatic.net/image/origin/119/2024/06/26/2843651.jpg?type=ofullfill220_150,2024-06-26 00:45:11,"취임 후 처음으로 6·25전쟁 기념 행사 참석北 대남 오물풍선엔 ""비열·비이성적 도발""한국 대통령으론 30년 만에 美 항공모함 승선""워싱턴 선언 이행 조치…한미동맹 어느 때보다 굳건""



윤석열 대통령이 25일 대구 북구 엑스코에서 열린 6·25전쟁 74주년 행사에서 기념사를 하고 있다. ⓒ뉴시스[데일리안 = 송오미 기자] 윤석열 대통령이 북한과 러시아 최근 '유사시 자동 군사 개입'으로 해석되는 '포괄적인 전략적 동반자 관계에 관한 조약'을 체결한 것에 대해 ""역사의 진보에 역행하는 시대착오적 행동""이라고 강하게 비판했다. 북러가 사실상 군사동맹을 복원한 데 대해 윤 대통령이 공식적인 입장을 낸 것은 이번이 처음이다.윤 대통령은 25일 대구 엑스코에서 열린 '6·25전쟁 제74주년 행사'에서 ""북한은 지난주 우크라이나 전쟁을 일으킨 러시아와 '포괄적인 전략적 동반자 관계에 관한 조약'을 맺고, 유엔 안전보장이사회(안보리) 결의를 정면으로 위반하는 군사·경제적 협력 강화마저 약속했다""며 이같이 지적했다.최근 북한의 잇따른 대남 오물풍선 살포에 대해선 ""비열하고 비이성적인 도발""이라고 했다.윤 대통령은 북한 정권에 대해 ""퇴행의 길을 고집하며 지구상 마지막 동토로 남아 있다. 주민의 참혹한 삶을 외면하고 동포들의 인권을 잔인하게 탄압하면서 정권의 안위에만 골몰하고 있다""며 ""국제사회의 거듭된 경고에도 핵과 미사일 능력을 고도화하며 끊임없이 도발을 획책하고 있다""고 했다.그러면서 ""우리 군은 어떠한 경우라도 북한이 대한민국을 감히 넘보지 못하도록 확고한 대비 태세를 유지하고 북한의 도발에 압도적으로 단호하게 대응할 것""이라며 ""70주년을 맞아 더욱 굳건하고 강력해진 한미동맹을 토대로 자유의 가치를 공유하는 국가들과 연대해 우리의 자유와 평화를 더욱 단단하게 지켜나갈 것""이라고 했다.그동안 서울에서 주로 열렸던 6·25전쟁 기념식은 이날 처음으로 대구에서 열렸다. 윤 대통령도 취임 후 처음으로 참석한 6·25전쟁 기념식에서 다부동·영천·포항 전투 등 대구·경북(TK) 지역 전투를 집중적으로 거론했다.윤 대통령은 기념식에 이어 참전유공자 등 100여 명을 초청한 '6·25 참전영웅 초청 위로연'에서도 ""특별히 이 자리에는 6·25 전쟁 당시 낙동강 일대 전투 승리로 전세를 역전시킨 대구·경북 지역의 영웅들을 모셨다""고 했다. 보수층을 최대한 결집시켜 지지율 상승 동력으로 삼으려는 행보라는 해석이 나왔다. 이날 대구 행사에는 윤 대통령의 부인 김건희 여사도 함께했다.앞서 윤 대통령은 지난 20일엔 경북 경산에 있는 영남대학교에서 '동북아 첨단 제조 혁신 허브, 경북'을 주제로 26번째 민생토론회를 주재하기도 했다.



윤석열 대통령이 25일 오후 부산 해군작전기지에 정박 중인 미국 시어도어 루즈벨트 항공모함을 방문, 크리스토퍼 알렉산더 9항모강습단장, 양용모 해군참모총장과 함께 루즈벨트함 비행갑판을 시찰하고 있다. ⓒ대통령실윤 대통령은 대구에서 '6·25전쟁 제74주년 행사'를 마친 뒤엔 부산 해군작전기지에 정박 중인 미국 시어도어 루즈벨트 항공모함을 방문했다. 현직 대통령이 미국 항공모함에 승선한 것은 1974년 박정희 전 대통령, 1994년 김영삼 전 대통령에 이어 세 번째다.루즈벨트함 시찰을 마친 윤 대통령은 격납고에서 ""이번 루즈벨트 항모 방한은 지난해 4월 저와 조 바이든 미국 대통령이 채택한 '워싱턴 선언'의 이행 조치""라며 ""강력한 확장억제를 포함한 미국의 철통같은 대한 방위공약을 상징하는 것""이라고 했다.윤 대통령은 ""북한은 핵과 미사일 능력을 고도화하면서 핵 선제 사용 가능성을 공언하며 한반도와 역내 평화를 위협하고 있다""며 ""한미동맹은 그 어느 때보다 굳건하며 세계에서 가장 위대한 우리의 동맹은 그 어떠한 적도 물리쳐 승리할 수 있다""고 했다.이어 ""루즈벨트함이 내일 한미일 3국 최초의 다영역 군사훈련인 '프리덤 에지(Freedom Edge)'에 참가하기 위해 출항한다""며 ""자유민주주의 가치를 공유하는 한미일 3국의 협력은 한미동맹과 함께 또 하나의 강력한 억제 수단이 될 것""이라고 했다.그러면서 이번 훈련에 참여하는 한미 장병들에게 ""건강하게 훈련을 잘 마치길 바란다""고 당부했다.축구장 3배 면적의 비행갑판을 갖춘 루즈벨트함은 함재기 90여 대와 순양함 1~2척, 핵추진잠수함 1~2척을 싣고 다녀 '떠다니는 군사기지'로도 불린다.인도·태평양 지역에서 약 7개월째 임무 수행 중인 루즈벨트함은 프리덤 에지 훈련 참가를 위해 지난 22일 부산에 입항했다. 미 핵항모 방한은 지난해 11월 칼빈슨함 이후 약 7개월 만이다.



윤석열 대통령이 25일 오후 부산 해군작전기지에 정박 중인 미국 시어도어 루즈벨트 항공모함을 방문, 격납고에서 한미장병들에게 격려 발언을 하며 주먹을 불끈 쥐고 있다. ⓒ대통령실"
정치_대통령실,https://n.news.naver.com/mnews/article/654/0000079051,"윤 대통령 ""평화, 강력한 힘·안보태세로 이룩""",강원도민일보,,2024-06-26 00:06:24,"6·25전쟁 제74주년 행사서 강조윤석열 대통령은 25일 북한 도발에 맞선 힘있는 안보태세 구축을 강조했다.윤 대통령은 이날 대구 엑스코에서 열린 6·25전쟁 제74주년 행사에서 기념사를 통해 북한의 오물풍선 살포를 ""비열하고 비이성적인 도발""로 규정했다. 이어 군사동맹에 준하는 북한과 러시아 간 '포괄적 전략적 동반자 관계' 조약 체결에 대해선 ""유엔 안보리 결의를 정면으로 위반한 것""이라고 비판했다.또, 북한 정권에 대해선 ""주민들의 참혹한 삶은 외면하고 동포들의 인권을 잔인하게 탄압하면서 정권의 안위에만 골몰하고 있다""며 ""국제사회의 거듭된 경고에도 핵과 미사일 능력을 고도화하며 끊임없이 도발을 획책하고 있다""고 지적했다. 윤 대통령은 ""어떠한 경우라도 북한이 대한민국을 넘보지 못하도록 확고한 대비태세를 유지하고, 북한의 도발에 압도적으로, 단호하게 대응할 것""이라며 단호한 대북정책 기조를 내비쳤다. 그러면서 ""평화는 말로 지키는 것이 아니라 강력한 힘과 철통같은 안보태세가 진정한 평화를 이룩하는 길""이라며 ""우리가 더 강해지고 하나로 똘똘 뭉치면 자유와 번영의 통일 대한민국도 결코 먼 미래만은 아닐 것""이라고 덧붙였다.윤 대통령은 기념행사 이후 대구 엑스코 연회장으로 이동, 6·25 전쟁 참전 유공자를 위한 위로연을 개최했다.연회에는 강정애 국가보훈부 장관과 신원식 국방부 장관, 대구 지역 보훈단체 관계자 등 100여명이 참석했고, 윤 대통령의 부인 김건희 여사도 동행했다. 이세훈 sehoon@kado.net#대통령 #안보태세 #엑스코 #윤석열 #25전쟁"
정치_대통령실,https://n.news.naver.com/mnews/article/001/0014769290,기업은 트럼프 편?…美 포천지 100대 기업의 트럼프 후원 '0',연합뉴스,https://mimgnews.pstatic.net/image/origin/001/2024/06/26/14769290.jpg?type=ofullfill220_150,2024-06-26 00:04:37,"예일대 분석…""기업인들 공화당 주류지만 '마가'는 아냐""



도널드 트럼프 전 미국 대통령[로이터 연합뉴스 자료 사진. 재판매 및 DB 금지](워싱턴=연합뉴스) 김경희 특파원 = 미국 경제전문지 포천지 선정 100대 기업인 가운데 도널드 트럼프 전 미국 대통령을 후원한 인물은 한 명도 없는 것으로 집계됐다.    25일(현지시간) 미국 예일대 경영연구소 원장인 제프리 소넨펠드의 분석에 따르면, 공화당 대선 후보인 트럼프 전 대통령에 대한 미국 100대 기업들의 지원은 말 그대로 전무한 상황이다.    트럼프 전 대통령은 2016년 처음으로 공화당 후보로 지명됐을 당시에도 100대 기업으로부터 한 건의 후원도 받지 못했다.    2020년 현역 대통령으로 출마했을 때에는 100대 기업 중 2개 기업의 최고경영자(CEO)만 지원에 나섰다.    트럼프 전 대통령 이전 마지막 공화당 현역 대통령으로서 재선에 출마했던 조지 W. 부시의 경우 2004년 당시 100대 기업 가운데 42개 기업 CEO의 후원을 받았던 것으로 나타났다.    2008년과 2012년 대선 때 당시 공화당 후보였던 존 매케인 후보와 밋 롬니 후보가 각각 30명 가까운 기업인들의 후원을 받았던 것과 비교하면, 트럼프 전 대통령은 미국 주요 기업이 외면한 '최악의 보수 후보'이며 그 같은 기류는 현재까지 변함이 없다는 분석이다.    인터넷 매체 악시오스는 ""트럼프 전 대통령에 대한 미국 주요 기업들의 지원은 과대 평가하기 쉬운 부분""이라며 ""미국의 기업들이 조 바이든 대통령과 갈등을 겪고 있다는 사실이 그들과 트럼프 전 대통령의 밀착으로 이어지지는 않는다""고 지적했다.    전체적으로 주요 기업인의 3분의 2가량이 등록된 공화당원이지만, 이들이 그렇다고 트럼프 전 대통령 지지층의 핵심인 극우 '마가(MAGA)' 세력에 동조하지는 않는다는 것이 이 매체의 평가다.    소넨펠드 원장은 뉴욕타임스(NYT) 기고에서 ""오늘날 미국의 최고 기업가들은 트럼프 전 대통령과 바이든 대통령 모두를 달가워하지 않는다""며 ""그들은 단지 한 쪽은 참아낼 수 있고, 다른 쪽을 두려워할 뿐""이라고 언급했다.    다만 기업가들과 달리 미국의 핵심 투자자들은 상대적으로 트럼프 전 대통령에게 적극적으로 자금을 대고 있다고 악시오스는 덧붙였다.    세계 최대 사모펀드 운용사인 블랙스톤의 스티브 슈워츠만이 이미 트럼프 전 대통령에게 거액을 후원했으며, 틱톡 모기업인 바이트댄스 지분을 약 15%가량 보유한 헤지펀드 매니저 제프 야스 역시 트럼프 전 대통령 지지로 기울고 있는 것으로 전해진다. kyunghee@yna.co.kr"
정치_대통령실,https://n.news.naver.com/mnews/article/025/0003369177,"윤 대통령 “북·러 조약 시대착오적, 오물풍선은 비열한 도발”",중앙일보,,2024-06-26 00:01:00,"윤석열 대통령이 25일 서로 간의 군사 개입을 명시한 북한과 러시아의 ‘포괄적인 전략적 동반자 관계에 관한 조약’에 대해 “역사의 진보에 역행하는 시대착오적 행동”이라고 지적했다. 윤 대통령은 대구 엑스코에서 열린 제74주년 6·25 행사 기념사에서 “(두 나라는) 유엔 안보리 결의를 정면으로 위반하는 군사, 경제적 협력 강화마저 약속했다”며 이같이 말했다. 윤 대통령이 북·러 정상회담에 대해 직접 입장을 밝힌 건 처음이다.      윤 대통령은 기념사에서 김정은 정권의 아킬레스건으로 불리는 인권 문제까지 들춰내며 “주민의 참혹한 삶을 외면하고 동포의 인권을 잔인하게 탄압하면서 정권의 안위에만 골몰하고 있다”고 북한을 비판했다. 북한의 연이은 오물풍선 살포에 대해선 “비열하고 비이성적인 도발까지 서슴지 않고 있다”며 “우리 군은 북한의 도발에 압도적으로 단호하게 대응할 것”이라고 했다. 이어 “강력한 힘과 철통같은 안보태세야말로 나라와 국민을 지키고 이 땅에 진정한 평화를 이룩하는 길”이라며 “우리가 더 강해지고 하나로 똘똘 뭉치면 자유와 번영의 통일 대한민국도 먼 미래만은 아닐 것”이라고 말했다.      윤 대통령은 러시아에 대해선 비판의 수위를 조절하는 듯한 모습을 보였다. 북·러 조약 체결을 겨냥할 때도 그 주어는 북한이었고, 우크라이나 무기 지원 등 러시아를 자극할 내용은 담기지 않았다. 최근 정치권에서 거론되는 자체 핵무장론에 대해서도 별다른 언급 없이 국제사회와의 공조와 한·미 동맹을 강조했다. 윤 대통령은 이후 엑스코 연회장에서 6·25 전쟁 참전 유공자를 위한 위로연을 개최하며 “영웅들의 희생과 헌신을 모든 국민이 영원히 기억하고, 영웅들께서 합당한 존중과 예우를 받는 보훈 문화를 확산해 나가는 데도 최선을 다하겠다”고 약속했다.      윤 대통령은 기념식 뒤 부산 해군작전기지에 정박 중인 미국 시어도어 루스벨트 항공모함을 깜짝 방문했다. 현직 대통령이 미국 항공모함에 승선한 건 1974년 박정희, 1994년 김영삼 전 대통령에 이어 세 번째다. 떠다니는 군사기지로 불리는 루스벨트함은 26일 열리는 한·미·일의 첫 다영역(육·해·공·사이버) 군사훈련인 프리덤 에지(Freedom Edge) 참가를 위해 지난 22일 입항했다.      검정 선글라스를 착용한 윤 대통령은 루스벨트함 비행갑판 통제실에서 함재기 운용 현황을 브리핑 받고 “루스벨트 항모 방한은 지난해 4월, 저와 바이든 대통령이 채택한 워싱턴선언의 이행 조치”라며 “강력한 확장억제를 포함한 미국의 철통같은 대한 방위공약을 상징하는 것”이라고 말했다. 이어 “북한은 핵과 미사일 능력을 고도화하고, 핵 선제 사용 가능성을 공언하며 한반도와 역내 평화를 위협하고 있다”며 “세계에서 가장 위대한 한·미 동맹은 그 어떠한 적도 물리쳐 승리할 수 있다”고 강조했다. 그러면서 “루스벨트함이 내일 프리덤 에지에 참가하기 위해 출항한다”면서 “자유민주주의 가치를 공유하는 한·미·일 3국의 협력은, 한·미 동맹과 함께 또 하나의 강력한 억제 수단이 될 것”이라고 말했다.      윤 대통령의 미 항모 방문은 북·러 정상회담 뒤 고조되는 안보 우려를 불식하기 위한 행보로 해석된다. 지난해 4월 한·미 정상이 합의한 워싱턴선언은 양국 간 확장억제를 획기적으로 강화하기 위해 한·미 핵협의그룹 신설과 미국 전략자산 한반도 정례 배치 등을 담았다."
